{
    "name": "root",
    "gauges": {
        "MLTestShootingAI2.Policy.Entropy.mean": {
            "value": 3.7806434631347656,
            "min": 3.7806434631347656,
            "max": 4.340291976928711,
            "count": 73
        },
        "MLTestShootingAI2.Policy.Entropy.sum": {
            "value": 189712.6875,
            "min": 188902.046875,
            "max": 218230.046875,
            "count": 73
        },
        "MLTestShootingAI2.Step.mean": {
            "value": 3649957.0,
            "min": 49989.0,
            "max": 3649957.0,
            "count": 73
        },
        "MLTestShootingAI2.Step.sum": {
            "value": 3649957.0,
            "min": 49989.0,
            "max": 3649957.0,
            "count": 73
        },
        "MLTestShootingAI2.Policy.ExtrinsicValueEstimate.mean": {
            "value": 0.010927380993962288,
            "min": -0.05083310976624489,
            "max": 0.16346876323223114,
            "count": 73
        },
        "MLTestShootingAI2.Policy.ExtrinsicValueEstimate.sum": {
            "value": 8.752832412719727,
            "min": -40.66648864746094,
            "max": 137.6407012939453,
            "count": 73
        },
        "MLTestShootingAI2.Policy.GailValueEstimate.mean": {
            "value": 0.24601854383945465,
            "min": 0.24601854383945465,
            "max": 4.306573390960693,
            "count": 73
        },
        "MLTestShootingAI2.Policy.GailValueEstimate.sum": {
            "value": 197.06085205078125,
            "min": 197.06085205078125,
            "max": 3634.748046875,
            "count": 73
        },
        "MLTestShootingAI2.Environment.EpisodeLength.mean": {
            "value": 1069.6097560975609,
            "min": 368.34558823529414,
            "max": 4056.8888888888887,
            "count": 73
        },
        "MLTestShootingAI2.Environment.EpisodeLength.sum": {
            "value": 43854.0,
            "min": 17463.0,
            "max": 96705.0,
            "count": 73
        },
        "MLTestShootingAI2.Environment.CumulativeReward.mean": {
            "value": -0.07317073170731707,
            "min": -0.8913043478260869,
            "max": 0.5789473684210527,
            "count": 73
        },
        "MLTestShootingAI2.Environment.CumulativeReward.sum": {
            "value": -3.0,
            "min": -110.0,
            "max": 15.0,
            "count": 73
        },
        "MLTestShootingAI2.Policy.ExtrinsicReward.mean": {
            "value": -0.07317073170731707,
            "min": -0.8913043478260869,
            "max": 0.5789473684210527,
            "count": 73
        },
        "MLTestShootingAI2.Policy.ExtrinsicReward.sum": {
            "value": -3.0,
            "min": -110.0,
            "max": 15.0,
            "count": 73
        },
        "MLTestShootingAI2.Policy.GailReward.mean": {
            "value": 10.762860899970004,
            "min": 10.067422453291364,
            "max": 112.03701886887693,
            "count": 73
        },
        "MLTestShootingAI2.Policy.GailReward.sum": {
            "value": 441.27729689877015,
            "min": 106.60347268963233,
            "max": 13892.590339740738,
            "count": 73
        },
        "MLTestShootingAI2.Losses.PolicyLoss.mean": {
            "value": 0.011425467761485682,
            "min": 0.008393839573060783,
            "max": 0.018950213010733328,
            "count": 73
        },
        "MLTestShootingAI2.Losses.PolicyLoss.sum": {
            "value": 0.022850935522971363,
            "min": 0.008393839573060783,
            "max": 0.029660475089137134,
            "count": 73
        },
        "MLTestShootingAI2.Losses.ValueLoss.mean": {
            "value": 0.011116389278322458,
            "min": 0.002328114537522197,
            "max": 2.262418508529663,
            "count": 73
        },
        "MLTestShootingAI2.Losses.ValueLoss.sum": {
            "value": 0.022232778556644916,
            "min": 0.002328114537522197,
            "max": 2.262418508529663,
            "count": 73
        },
        "MLTestShootingAI2.Policy.LearningRate.mean": {
            "value": 8.227225257594e-05,
            "min": 8.227225257594e-05,
            "max": 0.00029753946082017996,
            "count": 73
        },
        "MLTestShootingAI2.Policy.LearningRate.sum": {
            "value": 0.00016454450515188,
            "min": 8.596129134625998e-05,
            "max": 0.0005729343090218999,
            "count": 73
        },
        "MLTestShootingAI2.Policy.Epsilon.mean": {
            "value": 0.12742406,
            "min": 0.12742406,
            "max": 0.19917982000000006,
            "count": 73
        },
        "MLTestShootingAI2.Policy.Epsilon.sum": {
            "value": 0.25484812,
            "min": 0.12865374,
            "max": 0.3909781,
            "count": 73
        },
        "MLTestShootingAI2.Policy.Beta.mean": {
            "value": 0.0013784605940000002,
            "min": 0.0013784605940000002,
            "max": 0.0049590730179999995,
            "count": 73
        },
        "MLTestShootingAI2.Policy.Beta.sum": {
            "value": 0.0027569211880000004,
            "min": 0.0014398216260000007,
            "max": 0.009549807189999999,
            "count": 73
        },
        "MLTestShootingAI2.Policy.GAILPolicyEstimate.mean": {
            "value": 0.010664082830771804,
            "min": 0.00590344350785017,
            "max": 0.2405851059903701,
            "count": 73
        },
        "MLTestShootingAI2.Policy.GAILPolicyEstimate.sum": {
            "value": 0.021328165661543608,
            "min": 0.00590344350785017,
            "max": 0.2405851059903701,
            "count": 73
        },
        "MLTestShootingAI2.Policy.GAILExpertEstimate.mean": {
            "value": 0.9809266527493795,
            "min": 0.6842257310946782,
            "max": 0.9978454490502675,
            "count": 73
        },
        "MLTestShootingAI2.Policy.GAILExpertEstimate.sum": {
            "value": 1.961853305498759,
            "min": 0.6842257310946782,
            "max": 1.9907353560129801,
            "count": 73
        },
        "MLTestShootingAI2.Losses.GAILLoss.mean": {
            "value": 0.03914075223729015,
            "min": 0.016306167157987755,
            "max": 0.7148549616336822,
            "count": 73
        },
        "MLTestShootingAI2.Losses.GAILLoss.sum": {
            "value": 0.0782815044745803,
            "min": 0.016306167157987755,
            "max": 0.7148549616336822,
            "count": 73
        },
        "MLTestShootingAI2.Policy.GAILGradMagLoss.mean": {
            "value": 0.030822677786151567,
            "min": 0.020571471005678178,
            "max": 5.6457984924316404,
            "count": 73
        },
        "MLTestShootingAI2.Policy.GAILGradMagLoss.sum": {
            "value": 0.061645355572303134,
            "min": 0.020571471005678178,
            "max": 7.768155904797216,
            "count": 73
        },
        "MLTestShootingAI2.IsTraining.mean": {
            "value": 1.0,
            "min": 1.0,
            "max": 1.0,
            "count": 73
        },
        "MLTestShootingAI2.IsTraining.sum": {
            "value": 1.0,
            "min": 1.0,
            "max": 1.0,
            "count": 73
        }
    },
    "metadata": {
        "timer_format_version": "0.1.0",
        "start_time_seconds": "1638333576",
        "python_version": "3.8.8 (default, Apr 13 2021, 15:08:03) [MSC v.1916 64 bit (AMD64)]",
        "command_line_arguments": "C:\\Users\\67160\\Documents\\GitHub\\Demo\\venv\\Scripts\\mlagents-learn config/configuration.yaml --run-id=ImprovTestv7",
        "mlagents_version": "0.27.0",
        "mlagents_envs_version": "0.27.0",
        "communication_protocol_version": "1.5.0",
        "pytorch_version": "1.7.0+cu110",
        "numpy_version": "1.21.4",
        "end_time_seconds": "1638341999"
    },
    "total": 8423.7900673,
    "count": 1,