{
    "name": "root",
    "gauges": {
        "MLTestShootingAI.Policy.Entropy.mean": {
            "value": 4.156317234039307,
            "min": 4.140564918518066,
            "max": 4.25422477722168,
            "count": 51
        },
        "MLTestShootingAI.Policy.Entropy.sum": {
            "value": 208480.875,
            "min": 206697.0,
            "max": 213981.09375,
            "count": 51
        },
        "MLTestShootingAI.Environment.EpisodeLength.mean": {
            "value": 4725.75,
            "min": 156.0858085808581,
            "max": 4725.75,
            "count": 51
        },
        "MLTestShootingAI.Environment.EpisodeLength.sum": {
            "value": 56709.0,
            "min": 30418.0,
            "max": 74598.0,
            "count": 51
        },
        "MLTestShootingAI.Step.mean": {
            "value": 2549987.0,
            "min": 49965.0,
            "max": 2549987.0,
            "count": 51
        },
        "MLTestShootingAI.Step.sum": {
            "value": 2549987.0,
            "min": 49965.0,
            "max": 2549987.0,
            "count": 51
        },
        "MLTestShootingAI.Policy.ExtrinsicValueEstimate.mean": {
            "value": 0.059969376772642136,
            "min": 0.059969376772642136,
            "max": 2.591607093811035,
            "count": 51
        },
        "MLTestShootingAI.Policy.ExtrinsicValueEstimate.sum": {
            "value": 47.0159912109375,
            "min": 47.0159912109375,
            "max": 2402.419677734375,
            "count": 51
        },
        "MLTestShootingAI.Environment.CumulativeReward.mean": {
            "value": -0.25,
            "min": -0.6888888888888889,
            "max": 0.18269230769230768,
            "count": 51
        },
        "MLTestShootingAI.Environment.CumulativeReward.sum": {
            "value": -3.0,
            "min": -35.0,
            "max": 38.0,
            "count": 51
        },
        "MLTestShootingAI.Policy.ExtrinsicReward.mean": {
            "value": -0.25,
            "min": -0.6888888888888889,
            "max": 0.18269230769230768,
            "count": 51
        },
        "MLTestShootingAI.Policy.ExtrinsicReward.sum": {
            "value": -3.0,
            "min": -35.0,
            "max": 38.0,
            "count": 51
        },
        "MLTestShootingAI.IsTraining.mean": {
            "value": 1.0,
            "min": 1.0,
            "max": 1.0,
            "count": 51
        },
        "MLTestShootingAI.IsTraining.sum": {
            "value": 1.0,
            "min": 1.0,
            "max": 1.0,
            "count": 51
        },
        "MLTestShootingAI2.Policy.Entropy.mean": {
            "value": 4.24446964263916,
            "min": 4.237730503082275,
            "max": 4.287602424621582,
            "count": 51
        },
        "MLTestShootingAI2.Policy.Entropy.sum": {
            "value": 212902.59375,
            "min": 211761.515625,
            "max": 215495.0625,
            "count": 51
        },
        "MLTestShootingAI2.Environment.EpisodeLength.mean": {
            "value": 4725.75,
            "min": 156.0858085808581,
            "max": 4725.75,
            "count": 51
        },
        "MLTestShootingAI2.Environment.EpisodeLength.sum": {
            "value": 56709.0,
            "min": 30418.0,
            "max": 74598.0,
            "count": 51
        },
        "MLTestShootingAI2.Step.mean": {
            "value": 2549987.0,
            "min": 49965.0,
            "max": 2549987.0,
            "count": 51
        },
        "MLTestShootingAI2.Step.sum": {
            "value": 2549987.0,
            "min": 49965.0,
            "max": 2549987.0,
            "count": 51
        },
        "MLTestShootingAI2.Policy.ExtrinsicValueEstimate.mean": {
            "value": 0.03983495011925697,
            "min": 0.03983495011925697,
            "max": 1.511370301246643,
            "count": 51
        },
        "MLTestShootingAI2.Policy.ExtrinsicValueEstimate.sum": {
            "value": 31.230600357055664,
            "min": 31.230600357055664,
            "max": 1405.68310546875,
            "count": 51
        },
        "MLTestShootingAI2.Environment.CumulativeReward.mean": {
            "value": 0.25,
            "min": -0.18269230769230768,
            "max": 0.6888888888888889,
            "count": 51
        },
        "MLTestShootingAI2.Environment.CumulativeReward.sum": {
            "value": 3.0,
            "min": -38.0,
            "max": 35.0,
            "count": 51
        },
        "MLTestShootingAI2.Policy.ExtrinsicReward.mean": {
            "value": 0.25,
            "min": -0.18269230769230768,
            "max": 0.6888888888888889,
            "count": 51
        },
        "MLTestShootingAI2.Policy.ExtrinsicReward.sum": {
            "value": 3.0,
            "min": -38.0,
            "max": 35.0,
            "count": 51
        },
        "MLTestShootingAI2.IsTraining.mean": {
            "value": 1.0,
            "min": 1.0,
            "max": 1.0,
            "count": 51
        },
        "MLTestShootingAI2.IsTraining.sum": {
            "value": 1.0,
            "min": 1.0,
            "max": 1.0,
            "count": 51
        },
        "MLTestShootingAI.Losses.PolicyLoss.mean": {
            "value": 0.00534895545076021,
            "min": 0.00534895545076021,
            "max": 0.009694966481765733,
            "count": 24
        },
        "MLTestShootingAI.Losses.PolicyLoss.sum": {
            "value": 0.00534895545076021,
            "min": 0.00534895545076021,
            "max": 0.009694966481765733,
            "count": 24
        },
        "MLTestShootingAI.Losses.ValueLoss.mean": {
            "value": 0.0038057020554939907,
            "min": 0.0038057020554939907,
            "max": 1.0202565729618072,
            "count": 24
        },
        "MLTestShootingAI.Losses.ValueLoss.sum": {
            "value": 0.0038057020554939907,
            "min": 0.0038057020554939907,
            "max": 1.0202565729618072,
            "count": 24
        },
        "MLTestShootingAI.Policy.LearningRate.mean": {
            "value": 0.00015249130916958,
            "min": 0.00015249130916958,
            "max": 0.00029385582204806003,
            "count": 24
        },
        "MLTestShootingAI.Policy.LearningRate.sum": {
            "value": 0.00015249130916958,
            "min": 0.00015249130916958,
            "max": 0.00029385582204806003,
            "count": 24
        },
        "MLTestShootingAI.Policy.Epsilon.mean": {
            "value": 0.15083042000000005,
            "min": 0.15083042000000005,
            "max": 0.19795194000000008,
            "count": 24
        },
        "MLTestShootingAI.Policy.Epsilon.sum": {
            "value": 0.15083042000000005,
            "min": 0.15083042000000005,
            "max": 0.19795194000000008,
            "count": 24
        },
        "MLTestShootingAI.Policy.Beta.mean": {
            "value": 0.0025464379579999996,
            "min": 0.0025464379579999996,
            "max": 0.004897801806,
            "count": 24
        },
        "MLTestShootingAI.Policy.Beta.sum": {
            "value": 0.0025464379579999996,
            "min": 0.0025464379579999996,
            "max": 0.004897801806,
            "count": 24
        },
        "MLTestShootingAI2.Losses.PolicyLoss.mean": {
            "value": 0.005419054281567999,
            "min": 0.005387765120637293,
            "max": 0.00938927337701898,
            "count": 24
        },
        "MLTestShootingAI2.Losses.PolicyLoss.sum": {
            "value": 0.005419054281567999,
            "min": 0.005387765120637293,
            "max": 0.00938927337701898,
            "count": 24
        },
        "MLTestShootingAI2.Losses.ValueLoss.mean": {
            "value": 0.002251518692355603,
            "min": 0.002251518692355603,
            "max": 0.5943416664997737,
            "count": 24
        },