{
    "name": "root",
    "gauges": {
        "MLTestShootingAI2.Policy.Entropy.mean": {
            "value": 4.1321210861206055,
            "min": 4.120156288146973,
            "max": 4.296241760253906,
            "count": 10
        },
        "MLTestShootingAI2.Policy.Entropy.sum": {
            "value": 206523.421875,
            "min": 205678.203125,
            "max": 216960.21875,
            "count": 10
        },
        "MLTestShootingAI2.Step.mean": {
            "value": 499996.0,
            "min": 49947.0,
            "max": 499996.0,
            "count": 10
        },
        "MLTestShootingAI2.Step.sum": {
            "value": 499996.0,
            "min": 49947.0,
            "max": 499996.0,
            "count": 10
        },
        "MLTestShootingAI2.Policy.ExtrinsicValueEstimate.mean": {
            "value": 0.01545404177159071,
            "min": -0.0006044660694897175,
            "max": 0.4618734121322632,
            "count": 10
        },
        "MLTestShootingAI2.Policy.ExtrinsicValueEstimate.sum": {
            "value": 12.39414119720459,
            "min": -0.4853862524032593,
            "max": 399.5205078125,
            "count": 10
        },
        "MLTestShootingAI2.Environment.EpisodeLength.mean": {
            "value": 1532.4666666666667,
            "min": 276.36746987951807,
            "max": 1693.5,
            "count": 10
        },
        "MLTestShootingAI2.Environment.EpisodeLength.sum": {
            "value": 45974.0,
            "min": 43712.0,
            "max": 50924.0,
            "count": 10
        },
        "MLTestShootingAI2.Environment.CumulativeReward.mean": {
            "value": 0.26666666666666666,
            "min": -0.032679738562091505,
            "max": 0.38235294117647056,
            "count": 10
        },
        "MLTestShootingAI2.Environment.CumulativeReward.sum": {
            "value": 8.0,
            "min": -5.0,
            "max": 16.0,
            "count": 10
        },
        "MLTestShootingAI2.Policy.ExtrinsicReward.mean": {
            "value": 0.26666666666666666,
            "min": -0.032679738562091505,
            "max": 0.38235294117647056,
            "count": 10
        },
        "MLTestShootingAI2.Policy.ExtrinsicReward.sum": {
            "value": 8.0,
            "min": -5.0,
            "max": 16.0,
            "count": 10
        },
        "MLTestShootingAI2.Losses.PolicyLoss.mean": {
            "value": 0.024694196281877037,
            "min": 0.01978638907421555,
            "max": 0.024694196281877037,
            "count": 10
        },
        "MLTestShootingAI2.Losses.PolicyLoss.sum": {
            "value": 0.12347098140938519,
            "min": 0.0791455562968622,
            "max": 0.12347098140938519,
            "count": 10
        },
        "MLTestShootingAI2.Losses.ValueLoss.mean": {
            "value": 0.0031808569740193584,
            "min": 0.0013126527487960025,
            "max": 0.049918054494385924,
            "count": 10
        },
        "MLTestShootingAI2.Losses.ValueLoss.sum": {
            "value": 0.01590428487009679,
            "min": 0.00525061099518401,
            "max": 0.1996722179775437,
            "count": 10
        },
        "MLTestShootingAI2.Policy.LearningRate.mean": {
            "value": 1.629621456796e-05,
            "min": 1.629621456796e-05,
            "max": 0.00028460295513234996,
            "count": 10
        },
        "MLTestShootingAI2.Policy.LearningRate.sum": {
            "value": 8.14810728398e-05,
            "min": 8.14810728398e-05,
            "max": 0.0012842946719017997,
            "count": 10
        },
        "MLTestShootingAI2.Policy.Epsilon.mean": {
            "value": 0.10543204000000002,
            "min": 0.10543204000000002,
            "max": 0.19486765000000006,
            "count": 10
        },
        "MLTestShootingAI2.Policy.Epsilon.sum": {
            "value": 0.5271602000000001,
            "min": 0.49982839999999995,
            "max": 0.9280982000000001,
            "count": 10
        },
        "MLTestShootingAI2.Policy.Beta.mean": {
            "value": 0.0002810587960000001,
            "min": 0.0002810587960000001,
            "max": 0.0047438957350000015,
            "count": 10
        },
        "MLTestShootingAI2.Policy.Beta.sum": {
            "value": 0.0014052939800000006,
            "min": 0.0014052939800000006,
            "max": 0.021412100179999994,
            "count": 10
        },
        "MLTestShootingAI2.IsTraining.mean": {
            "value": 1.0,
            "min": 1.0,
            "max": 1.0,
            "count": 10
        },
        "MLTestShootingAI2.IsTraining.sum": {
            "value": 1.0,
            "min": 1.0,
            "max": 1.0,
            "count": 10
        },
        "MLTestShootingAI.Policy.Entropy.mean": {
            "value": 4.212713241577148,
            "min": 4.1822509765625,
            "max": 4.288269996643066,
            "count": 10
        },
        "MLTestShootingAI.Policy.Entropy.sum": {
            "value": 210551.40625,
            "min": 208777.96875,
            "max": 216557.625,
            "count": 10
        },
        "MLTestShootingAI.Step.mean": {
            "value": 499996.0,
            "min": 49947.0,
            "max": 499996.0,
            "count": 10
        },
        "MLTestShootingAI.Step.sum": {
            "value": 499996.0,
            "min": 49947.0,
            "max": 499996.0,
            "count": 10
        },
        "MLTestShootingAI.Policy.ExtrinsicValueEstimate.mean": {
            "value": -0.00559611339122057,
            "min": -0.011067447252571583,
            "max": 0.4791552722454071,
            "count": 10
        },
        "MLTestShootingAI.Policy.ExtrinsicValueEstimate.sum": {
            "value": -4.4880828857421875,
            "min": -8.887160301208496,
            "max": 414.46929931640625,
            "count": 10
        },
        "MLTestShootingAI.Environment.EpisodeLength.mean": {
            "value": 1532.4666666666667,
            "min": 276.36746987951807,
            "max": 1693.5,
            "count": 10
        },
        "MLTestShootingAI.Environment.EpisodeLength.sum": {
            "value": 45974.0,
            "min": 43712.0,
            "max": 50924.0,
            "count": 10
        },
        "MLTestShootingAI.Environment.CumulativeReward.mean": {
            "value": -0.26666666666666666,
            "min": -0.38235294117647056,
            "max": 0.032679738562091505,
            "count": 10
        },
        "MLTestShootingAI.Environment.CumulativeReward.sum": {
            "value": -8.0,
            "min": -16.0,
            "max": 5.0,
            "count": 10
        },
        "MLTestShootingAI.Policy.ExtrinsicReward.mean": {
            "value": -0.26666666666666666,
            "min": -0.38235294117647056,
            "max": 0.032679738562091505,
            "count": 10
        },
        "MLTestShootingAI.Policy.ExtrinsicReward.sum": {
            "value": -8.0,
            "min": -16.0,
            "max": 5.0,
            "count": 10
        },
        "MLTestShootingAI.Losses.PolicyLoss.mean": {
            "value": 0.024502847891223305,
            "min": 0.020644123908520363,
            "max": 0.026011362931264253,
            "count": 10
        },
        "MLTestShootingAI.Losses.PolicyLoss.sum": {
            "value": 0.12251423945611653,
            "min": 0.08347335641398483,
            "max": 0.13005681465632127,
            "count": 10
        },
        "MLTestShootingAI.Losses.ValueLoss.mean": {
            "value": 0.0027317343019725134,
            "min": 0.001473976211370124,
            "max": 0.05127019667997956,
            "count": 10
        },
        "MLTestShootingAI.Losses.ValueLoss.sum": {
            "value": 0.013658671509862568,
            "min": 0.005895904845480496,
            "max": 0.20508078671991825,
            "count": 10
        },