{
    "name": "root",
    "gauges": {
        "MLTestShootingAI.Policy.Entropy.mean": {
            "value": 4.2333083152771,
            "min": 4.224184036254883,
            "max": 4.313454627990723,
            "count": 10
        },
        "MLTestShootingAI.Policy.Entropy.sum": {
            "value": 211665.421875,
            "min": 211263.609375,
            "max": 217748.1875,
            "count": 10
        },
        "MLTestShootingAI.Step.mean": {
            "value": 499942.0,
            "min": 49954.0,
            "max": 499942.0,
            "count": 10
        },
        "MLTestShootingAI.Step.sum": {
            "value": 499942.0,
            "min": 49954.0,
            "max": 499942.0,
            "count": 10
        },
        "MLTestShootingAI.Policy.ExtrinsicValueEstimate.mean": {
            "value": -0.007905214093625546,
            "min": -0.22961683571338654,
            "max": -0.007905214093625546,
            "count": 10
        },
        "MLTestShootingAI.Policy.ExtrinsicValueEstimate.sum": {
            "value": -6.253024101257324,
            "min": -197.24085998535156,
            "max": -6.253024101257324,
            "count": 10
        },
        "MLTestShootingAI.Environment.EpisodeLength.mean": {
            "value": 1745.6818181818182,
            "min": 288.43037974683546,
            "max": 1745.6818181818182,
            "count": 10
        },
        "MLTestShootingAI.Environment.EpisodeLength.sum": {
            "value": 38405.0,
            "min": 32813.0,
            "max": 59309.0,
            "count": 10
        },
        "MLTestShootingAI.Environment.CumulativeReward.mean": {
            "value": 0.2727272727272727,
            "min": -0.43617021276595747,
            "max": 0.2727272727272727,
            "count": 10
        },
        "MLTestShootingAI.Environment.CumulativeReward.sum": {
            "value": 6.0,
            "min": -43.0,
            "max": 23.0,
            "count": 10
        },
        "MLTestShootingAI.Policy.ExtrinsicReward.mean": {
            "value": 0.2727272727272727,
            "min": -0.43617021276595747,
            "max": 0.2727272727272727,
            "count": 10
        },
        "MLTestShootingAI.Policy.ExtrinsicReward.sum": {
            "value": 6.0,
            "min": -43.0,
            "max": 23.0,
            "count": 10
        },
        "MLTestShootingAI.Losses.PolicyLoss.mean": {
            "value": 0.023464255209158486,
            "min": 0.020893690201434462,
            "max": 0.02512185132097026,
            "count": 10
        },
        "MLTestShootingAI.Losses.PolicyLoss.sum": {
            "value": 0.11732127604579243,
            "min": 0.09980990467532441,
            "max": 0.12480396637887073,
            "count": 10
        },
        "MLTestShootingAI.Losses.ValueLoss.mean": {
            "value": 0.0030033473616155487,
            "min": 0.0030033473616155487,
            "max": 0.021696883944484095,
            "count": 10
        },
        "MLTestShootingAI.Losses.ValueLoss.sum": {
            "value": 0.015016736808077743,
            "min": 0.013838260772172362,
            "max": 0.09243721077218651,
            "count": 10
        },
        "MLTestShootingAI.Policy.LearningRate.mean": {
            "value": 1.613985462008001e-05,
            "min": 1.613985462008001e-05,
            "max": 0.000284583005139,
            "count": 10
        },
        "MLTestShootingAI.Policy.LearningRate.sum": {
            "value": 8.069927310040004e-05,
            "min": 8.069927310040004e-05,
            "max": 0.0012843168718943998,
            "count": 10
        },
        "MLTestShootingAI.Policy.Epsilon.mean": {
            "value": 0.10537992,
            "min": 0.10537992,
            "max": 0.19486100000000003,
            "count": 10
        },
        "MLTestShootingAI.Policy.Epsilon.sum": {
            "value": 0.5268996,
            "min": 0.4997388,
            "max": 0.9281056,
            "count": 10
        },
        "MLTestShootingAI.Policy.Beta.mean": {
            "value": 0.00027845800800000017,
            "min": 0.00027845800800000017,
            "max": 0.004743563900000001,
            "count": 10
        },
        "MLTestShootingAI.Policy.Beta.sum": {
            "value": 0.0013922900400000007,
            "min": 0.0013922900400000007,
            "max": 0.02141246944,
            "count": 10
        },
        "MLTestShootingAI.IsTraining.mean": {
            "value": 1.0,
            "min": 1.0,
            "max": 1.0,
            "count": 10
        },
        "MLTestShootingAI.IsTraining.sum": {
            "value": 1.0,
            "min": 1.0,
            "max": 1.0,
            "count": 10
        },
        "MLTestShootingAI2.Policy.Entropy.mean": {
            "value": 4.198200225830078,
            "min": 4.17879056930542,
            "max": 4.301653861999512,
            "count": 10
        },
        "MLTestShootingAI2.Policy.Entropy.sum": {
            "value": 209910.0,
            "min": 209106.6875,
            "max": 217577.640625,
            "count": 10
        },
        "MLTestShootingAI2.Step.mean": {
            "value": 499942.0,
            "min": 49954.0,
            "max": 499942.0,
            "count": 10
        },
        "MLTestShootingAI2.Step.sum": {
            "value": 499942.0,
            "min": 49954.0,
            "max": 499942.0,
            "count": 10
        },
        "MLTestShootingAI2.Policy.ExtrinsicValueEstimate.mean": {
            "value": -0.004778450354933739,
            "min": -0.04891561344265938,
            "max": 0.08092944324016571,
            "count": 10
        },
        "MLTestShootingAI2.Policy.ExtrinsicValueEstimate.sum": {
            "value": -3.779754161834717,
            "min": -41.87176513671875,
            "max": 69.51839447021484,
            "count": 10
        },
        "MLTestShootingAI2.Environment.EpisodeLength.mean": {
            "value": 1745.6818181818182,
            "min": 288.43037974683546,
            "max": 1745.6818181818182,
            "count": 10
        },
        "MLTestShootingAI2.Environment.EpisodeLength.sum": {
            "value": 38405.0,
            "min": 32813.0,
            "max": 59309.0,
            "count": 10
        },
        "MLTestShootingAI2.Environment.CumulativeReward.mean": {
            "value": -0.4090909090909091,
            "min": -0.4090909090909091,
            "max": 0.3191489361702128,
            "count": 10
        },
        "MLTestShootingAI2.Environment.CumulativeReward.sum": {
            "value": -9.0,
            "min": -46.0,
            "max": 30.0,
            "count": 10
        },
        "MLTestShootingAI2.Policy.ExtrinsicReward.mean": {
            "value": -0.4090909090909091,
            "min": -0.4090909090909091,
            "max": 0.3191489361702128,
            "count": 10
        },
        "MLTestShootingAI2.Policy.ExtrinsicReward.sum": {
            "value": -9.0,
            "min": -46.0,
            "max": 30.0,
            "count": 10
        },
        "MLTestShootingAI2.Losses.PolicyLoss.mean": {
            "value": 0.023128323379690605,
            "min": 0.02220249560875042,
            "max": 0.026565073644875765,
            "count": 10
        },
        "MLTestShootingAI2.Losses.PolicyLoss.sum": {
            "value": 0.11564161689845302,
            "min": 0.09856574445730076,
            "max": 0.12907907124220705,
            "count": 10
        },
        "MLTestShootingAI2.Losses.ValueLoss.mean": {
            "value": 0.003146296065921585,
            "min": 0.003146296065921585,
            "max": 0.02201342408855756,
            "count": 10
        },
        "MLTestShootingAI2.Losses.ValueLoss.sum": {
            "value": 0.015731480329607923,
            "min": 0.015731480329607923,
            "max": 0.08805369635423024,
            "count": 10
        },