{
    "name": "root",
    "gauges": {
        "MLTestShootingAI.Policy.Entropy.mean": {
            "value": 4.177158832550049,
            "min": 4.174006938934326,
            "max": 4.279577255249023,
            "count": 10
        },
        "MLTestShootingAI.Policy.Entropy.sum": {
            "value": 207938.96875,
            "min": 207938.96875,
            "max": 215473.3125,
            "count": 10
        },
        "MLTestShootingAI.Step.mean": {
            "value": 499940.0,
            "min": 49996.0,
            "max": 499940.0,
            "count": 10
        },
        "MLTestShootingAI.Step.sum": {
            "value": 499940.0,
            "min": 49996.0,
            "max": 499940.0,
            "count": 10
        },
        "MLTestShootingAI.Policy.ExtrinsicValueEstimate.mean": {
            "value": -0.028927797451615334,
            "min": -0.14541685581207275,
            "max": 0.014748669229447842,
            "count": 10
        },
        "MLTestShootingAI.Policy.ExtrinsicValueEstimate.sum": {
            "value": -23.171165466308594,
            "min": -126.076416015625,
            "max": 12.359384536743164,
            "count": 10
        },
        "MLTestShootingAI.Environment.EpisodeLength.mean": {
            "value": 906.8604651162791,
            "min": 253.95348837209303,
            "max": 932.1090909090909,
            "count": 10
        },
        "MLTestShootingAI.Environment.EpisodeLength.sum": {
            "value": 38995.0,
            "min": 38995.0,
            "max": 52008.0,
            "count": 10
        },
        "MLTestShootingAI.Environment.CumulativeReward.mean": {
            "value": -0.5255813952102217,
            "min": -0.5255813952102217,
            "max": 0.04000000022351742,
            "count": 10
        },
        "MLTestShootingAI.Environment.CumulativeReward.sum": {
            "value": -22.599999994039536,
            "min": -38.79999998211861,
            "max": 4.80000002682209,
            "count": 10
        },
        "MLTestShootingAI.Policy.ExtrinsicReward.mean": {
            "value": -0.5255813952102217,
            "min": -0.5255813952102217,
            "max": 0.04000000022351742,
            "count": 10
        },
        "MLTestShootingAI.Policy.ExtrinsicReward.sum": {
            "value": -22.599999994039536,
            "min": -38.79999998211861,
            "max": 4.80000002682209,
            "count": 10
        },
        "MLTestShootingAI.Losses.PolicyLoss.mean": {
            "value": 0.02256697874884897,
            "min": 0.022013516280761296,
            "max": 0.024887913579441374,
            "count": 10
        },
        "MLTestShootingAI.Losses.PolicyLoss.sum": {
            "value": 0.11283489374424485,
            "min": 0.08976326833168666,
            "max": 0.12443956789720687,
            "count": 10
        },
        "MLTestShootingAI.Losses.ValueLoss.mean": {
            "value": 0.005998103059052179,
            "min": 0.005998103059052179,
            "max": 0.03585124326248964,
            "count": 10
        },
        "MLTestShootingAI.Losses.ValueLoss.sum": {
            "value": 0.029990515295260898,
            "min": 0.029990515295260898,
            "max": 0.14340497304995856,
            "count": 10
        },
        "MLTestShootingAI.Policy.LearningRate.mean": {
            "value": 1.6286254571279997e-05,
            "min": 1.6286254571279997e-05,
            "max": 0.0002845479051507,
            "count": 10
        },
        "MLTestShootingAI.Policy.LearningRate.sum": {
            "value": 8.143127285639999e-05,
            "min": 8.143127285639999e-05,
            "max": 0.0012839478720174,
            "count": 10
        },
        "MLTestShootingAI.Policy.Epsilon.mean": {
            "value": 0.10542872,
            "min": 0.10542872,
            "max": 0.1948493,
            "count": 10
        },
        "MLTestShootingAI.Policy.Epsilon.sum": {
            "value": 0.5271436,
            "min": 0.4997980000000001,
            "max": 0.9279826,
            "count": 10
        },
        "MLTestShootingAI.Policy.Beta.mean": {
            "value": 0.0002808931280000001,
            "min": 0.0002808931280000001,
            "max": 0.0047429800700000005,
            "count": 10
        },
        "MLTestShootingAI.Policy.Beta.sum": {
            "value": 0.0014044656400000004,
            "min": 0.0014044656400000004,
            "max": 0.02140633174,
            "count": 10
        },
        "MLTestShootingAI.IsTraining.mean": {
            "value": 1.0,
            "min": 1.0,
            "max": 1.0,
            "count": 10
        },
        "MLTestShootingAI.IsTraining.sum": {
            "value": 1.0,
            "min": 1.0,
            "max": 1.0,
            "count": 10
        },
        "MLTestShootingAI2.Policy.Entropy.mean": {
            "value": 4.215651512145996,
            "min": 4.197525978088379,
            "max": 4.2874298095703125,
            "count": 10
        },
        "MLTestShootingAI2.Policy.Entropy.sum": {
            "value": 209855.140625,
            "min": 209708.390625,
            "max": 216257.96875,
            "count": 10
        },
        "MLTestShootingAI2.Step.mean": {
            "value": 499940.0,
            "min": 49996.0,
            "max": 499940.0,
            "count": 10
        },
        "MLTestShootingAI2.Step.sum": {
            "value": 499940.0,
            "min": 49996.0,
            "max": 499940.0,
            "count": 10
        },
        "MLTestShootingAI2.Policy.ExtrinsicValueEstimate.mean": {
            "value": 0.029773863032460213,
            "min": -0.17492231726646423,
            "max": 0.06542513519525528,
            "count": 10
        },
        "MLTestShootingAI2.Policy.ExtrinsicValueEstimate.sum": {
            "value": 23.84886360168457,
            "min": -151.65765380859375,
            "max": 55.15338897705078,
            "count": 10
        },
        "MLTestShootingAI2.Environment.EpisodeLength.mean": {
            "value": 906.8604651162791,
            "min": 253.95348837209303,
            "max": 932.1090909090909,
            "count": 10
        },
        "MLTestShootingAI2.Environment.EpisodeLength.sum": {
            "value": 38995.0,
            "min": 38995.0,
            "max": 52008.0,
            "count": 10
        },
        "MLTestShootingAI2.Environment.CumulativeReward.mean": {
            "value": 0.39534883755584094,
            "min": -0.25333333304434114,
            "max": 0.39534883755584094,
            "count": 10
        },
        "MLTestShootingAI2.Environment.CumulativeReward.sum": {
            "value": 17.00000001490116,
            "min": -41.799999952316284,
            "max": 31.600000008940697,
            "count": 10
        },
        "MLTestShootingAI2.Policy.ExtrinsicReward.mean": {
            "value": 0.39534883755584094,
            "min": -0.25333333304434114,
            "max": 0.39534883755584094,
            "count": 10
        },
        "MLTestShootingAI2.Policy.ExtrinsicReward.sum": {
            "value": 17.00000001490116,
            "min": -41.799999952316284,
            "max": 31.600000008940697,
            "count": 10
        },
        "MLTestShootingAI2.Losses.PolicyLoss.mean": {
            "value": 0.02234170857894545,
            "min": 0.020963861702451445,
            "max": 0.027323169957768796,
            "count": 10
        },
        "MLTestShootingAI2.Losses.PolicyLoss.sum": {
            "value": 0.11170854289472724,
            "min": 0.08385544680980578,
            "max": 0.13661584978884397,
            "count": 10
        },
        "MLTestShootingAI2.Losses.ValueLoss.mean": {
            "value": 0.006327069183656326,
            "min": 0.006327069183656326,
            "max": 0.0408862960136806,
            "count": 10
        },
        "MLTestShootingAI2.Losses.ValueLoss.sum": {
            "value": 0.03163534591828163,
            "min": 0.03163534591828163,