{
    "name": "root",
    "gauges": {
        "MLTestShootingAI2.Policy.Entropy.mean": {
            "value": 3.9752910137176514,
            "min": 3.9752910137176514,
            "max": 4.287359714508057,
            "count": 10
        },
        "MLTestShootingAI2.Policy.Entropy.sum": {
            "value": 198923.5625,
            "min": 198923.5625,
            "max": 216597.40625,
            "count": 10
        },
        "MLTestShootingAI2.Environment.EpisodeLength.mean": {
            "value": 163.0796178343949,
            "min": 54.84494382022472,
            "max": 207.68776371308016,
            "count": 10
        },
        "MLTestShootingAI2.Environment.EpisodeLength.sum": {
            "value": 51207.0,
            "min": 48237.0,
            "max": 51207.0,
            "count": 10
        },
        "MLTestShootingAI2.Step.mean": {
            "value": 499957.0,
            "min": 49958.0,
            "max": 499957.0,
            "count": 10
        },
        "MLTestShootingAI2.Step.sum": {
            "value": 499957.0,
            "min": 49958.0,
            "max": 499957.0,
            "count": 10
        },
        "MLTestShootingAI2.Policy.ExtrinsicValueEstimate.mean": {
            "value": 0.0011359009658917785,
            "min": -0.05009926110506058,
            "max": 0.09183759987354279,
            "count": 10
        },
        "MLTestShootingAI2.Policy.ExtrinsicValueEstimate.sum": {
            "value": 1.0586596727371216,
            "min": -57.413753509521484,
            "max": 85.13345336914062,
            "count": 10
        },
        "MLTestShootingAI2.Environment.CumulativeReward.mean": {
            "value": -0.03184713375796178,
            "min": -0.36179775280898874,
            "max": 0.2505694760820046,
            "count": 10
        },
        "MLTestShootingAI2.Environment.CumulativeReward.sum": {
            "value": -10.0,
            "min": -322.0,
            "max": 110.0,
            "count": 10
        },
        "MLTestShootingAI2.Policy.ExtrinsicReward.mean": {
            "value": -0.03184713375796178,
            "min": -0.36179775280898874,
            "max": 0.2505694760820046,
            "count": 10
        },
        "MLTestShootingAI2.Policy.ExtrinsicReward.sum": {
            "value": -10.0,
            "min": -322.0,
            "max": 110.0,
            "count": 10
        },
        "MLTestShootingAI2.Losses.PolicyLoss.mean": {
            "value": 0.024781326278316553,
            "min": 0.020571618994533008,
            "max": 0.02620987542439252,
            "count": 10
        },
        "MLTestShootingAI2.Losses.PolicyLoss.sum": {
            "value": 0.12390663139158277,
            "min": 0.08228647597813203,
            "max": 0.1310493771219626,
            "count": 10
        },
        "MLTestShootingAI2.Losses.ValueLoss.mean": {
            "value": 0.042217945431669554,
            "min": 0.034721287513772646,
            "max": 0.10766564160585403,
            "count": 10
        },
        "MLTestShootingAI2.Losses.ValueLoss.sum": {
            "value": 0.21108972715834776,
            "min": 0.17035576812922956,
            "max": 0.49577534074584645,
            "count": 10
        },
        "MLTestShootingAI2.Policy.LearningRate.mean": {
            "value": 1.6356214547959992e-05,
            "min": 1.6356214547959992e-05,
            "max": 0.0002845941051353,
            "count": 10
        },
        "MLTestShootingAI2.Policy.LearningRate.sum": {
            "value": 8.178107273979996e-05,
            "min": 8.178107273979996e-05,
            "max": 0.0012843906718697997,
            "count": 10
        },
        "MLTestShootingAI2.Policy.Epsilon.mean": {
            "value": 0.10545204000000001,
            "min": 0.10545204000000001,
            "max": 0.19486469999999997,
            "count": 10
        },
        "MLTestShootingAI2.Policy.Epsilon.sum": {
            "value": 0.5272602000000001,
            "min": 0.49999440000000006,
            "max": 0.9281302,
            "count": 10
        },
        "MLTestShootingAI2.Policy.Beta.mean": {
            "value": 0.000282056796,
            "min": 0.000282056796,
            "max": 0.004743748529999999,
            "count": 10
        },
        "MLTestShootingAI2.Policy.Beta.sum": {
            "value": 0.00141028398,
            "min": 0.00141028398,
            "max": 0.02141369698,
            "count": 10
        },
        "MLTestShootingAI2.IsTraining.mean": {
            "value": 1.0,
            "min": 1.0,
            "max": 1.0,
            "count": 10
        },
        "MLTestShootingAI2.IsTraining.sum": {
            "value": 1.0,
            "min": 1.0,
            "max": 1.0,
            "count": 10
        },
        "MLTestShootingAI.Policy.Entropy.mean": {
            "value": 4.026679992675781,
            "min": 4.000776767730713,
            "max": 4.277668476104736,
            "count": 10
        },
        "MLTestShootingAI.Policy.Entropy.sum": {
            "value": 201495.0625,
            "min": 199718.765625,
            "max": 216107.8125,
            "count": 10
        },
        "MLTestShootingAI.Environment.EpisodeLength.mean": {
            "value": 163.0796178343949,
            "min": 54.84494382022472,
            "max": 207.68776371308016,
            "count": 10
        },
        "MLTestShootingAI.Environment.EpisodeLength.sum": {
            "value": 51207.0,
            "min": 48237.0,
            "max": 51207.0,
            "count": 10
        },
        "MLTestShootingAI.Step.mean": {
            "value": 499957.0,
            "min": 49958.0,
            "max": 499957.0,
            "count": 10
        },
        "MLTestShootingAI.Step.sum": {
            "value": 499957.0,
            "min": 49958.0,
            "max": 499957.0,
            "count": 10
        },
        "MLTestShootingAI.Policy.ExtrinsicValueEstimate.mean": {
            "value": -0.04694144427776337,
            "min": -0.1664593666791916,
            "max": -0.03792702406644821,
            "count": 10
        },
        "MLTestShootingAI.Policy.ExtrinsicValueEstimate.sum": {
            "value": -43.749427795410156,
            "min": -155.5354766845703,
            "max": -34.85493469238281,
            "count": 10
        },
        "MLTestShootingAI.Environment.CumulativeReward.mean": {
            "value": -0.0732484076433121,
            "min": -0.39863325740318906,
            "max": 0.0035211267605633804,
            "count": 10
        },
        "MLTestShootingAI.Environment.CumulativeReward.sum": {
            "value": -23.0,
            "min": -175.0,
            "max": 1.0,
            "count": 10
        },
        "MLTestShootingAI.Policy.ExtrinsicReward.mean": {
            "value": -0.0732484076433121,
            "min": -0.39863325740318906,
            "max": 0.0035211267605633804,
            "count": 10
        },
        "MLTestShootingAI.Policy.ExtrinsicReward.sum": {
            "value": -23.0,
            "min": -175.0,
            "max": 1.0,
            "count": 10
        },
        "MLTestShootingAI.Losses.PolicyLoss.mean": {
            "value": 0.02339217738849887,
            "min": 0.02190068959413717,
            "max": 0.02752383813261986,
            "count": 10
        },
        "MLTestShootingAI.Losses.PolicyLoss.sum": {
            "value": 0.11696088694249435,
            "min": 0.09091282048417876,
            "max": 0.1376191906630993,
            "count": 10
        },
        "MLTestShootingAI.Losses.ValueLoss.mean": {
            "value": 0.04436228322486083,
            "min": 0.032624692159394425,
            "max": 0.09561316986878712,
            "count": 10
        },
        "MLTestShootingAI.Losses.ValueLoss.sum": {
            "value": 0.22181141612430413,
            "min": 0.16312346079697213,
            "max": 0.47806584934393564,
            "count": 10
        },