{
    "name": "root",
    "gauges": {
        "MLTestShootingAI2.Policy.Entropy.mean": {
            "value": 4.248543739318848,
            "min": 4.248543739318848,
            "max": 4.291799068450928,
            "count": 4
        },
        "MLTestShootingAI2.Policy.Entropy.sum": {
            "value": 212937.015625,
            "min": 212937.015625,
            "max": 217545.234375,
            "count": 4
        },
        "MLTestShootingAI2.Step.mean": {
            "value": 199978.0,
            "min": 49998.0,
            "max": 199978.0,
            "count": 4
        },
        "MLTestShootingAI2.Step.sum": {
            "value": 199978.0,
            "min": 49998.0,
            "max": 199978.0,
            "count": 4
        },
        "MLTestShootingAI2.Policy.ExtrinsicValueEstimate.mean": {
            "value": 0.02684890665113926,
            "min": 0.02684890665113926,
            "max": 0.47377121448516846,
            "count": 4
        },
        "MLTestShootingAI2.Policy.ExtrinsicValueEstimate.sum": {
            "value": 21.881858825683594,
            "min": 21.881858825683594,
            "max": 412.65472412109375,
            "count": 4
        },
        "MLTestShootingAI2.Environment.EpisodeLength.mean": {
            "value": 521.48,
            "min": 251.17894736842106,
            "max": 521.48,
            "count": 4
        },
        "MLTestShootingAI2.Environment.EpisodeLength.sum": {
            "value": 39111.0,
            "min": 39111.0,
            "max": 49366.0,
            "count": 4
        },
        "MLTestShootingAI2.Environment.CumulativeReward.mean": {
            "value": -0.01866666634877523,
            "min": -0.23999999949806614,
            "max": -0.008695651655611784,
            "count": 4
        },
        "MLTestShootingAI2.Environment.CumulativeReward.sum": {
            "value": -1.399999976158142,
            "min": -45.59999990463257,
            "max": -1.1999999284744263,
            "count": 4
        },
        "MLTestShootingAI2.Policy.ExtrinsicReward.mean": {
            "value": -0.01866666634877523,
            "min": -0.23999999949806614,
            "max": -0.008695651655611784,
            "count": 4
        },
        "MLTestShootingAI2.Policy.ExtrinsicReward.sum": {
            "value": -1.399999976158142,
            "min": -45.59999990463257,
            "max": -1.1999999284744263,
            "count": 4
        },
        "MLTestShootingAI2.Losses.PolicyLoss.mean": {
            "value": 0.023257406123120744,
            "min": 0.021601540705984617,
            "max": 0.023257406123120744,
            "count": 4
        },
        "MLTestShootingAI2.Losses.PolicyLoss.sum": {
            "value": 0.11628703061560372,
            "min": 0.091204478762423,
            "max": 0.11628703061560372,
            "count": 4
        },
        "MLTestShootingAI2.Losses.ValueLoss.mean": {
            "value": 0.010516621622567376,
            "min": 0.010516621622567376,
            "max": 0.05034671016037464,
            "count": 4
        },
        "MLTestShootingAI2.Losses.ValueLoss.sum": {
            "value": 0.05258310811283688,
            "min": 0.05258310811283688,
            "max": 0.20138684064149856,
            "count": 4
        },
        "MLTestShootingAI2.Policy.LearningRate.mean": {
            "value": 0.00019524099491967993,
            "min": 0.00019524099491967993,
            "max": 0.00028462365512545,
            "count": 4
        },
        "MLTestShootingAI2.Policy.LearningRate.sum": {
            "value": 0.0009762049745983996,
            "min": 0.0009762049745983996,
            "max": 0.0012846036717988,
            "count": 4
        },
        "MLTestShootingAI2.Policy.Epsilon.mean": {
            "value": 0.16508032,
            "min": 0.16508032,
            "max": 0.19487454999999995,
            "count": 4
        },
        "MLTestShootingAI2.Policy.Epsilon.sum": {
            "value": 0.8254016000000001,
            "min": 0.7794981999999998,
            "max": 0.9282012,
            "count": 4
        },
        "MLTestShootingAI2.Policy.Beta.mean": {
            "value": 0.0032575079680000007,
            "min": 0.0032575079680000007,
            "max": 0.0047442400450000005,
            "count": 4
        },
        "MLTestShootingAI2.Policy.Beta.sum": {
            "value": 0.016287539840000004,
            "min": 0.016287539840000004,
            "max": 0.021417239879999998,
            "count": 4
        },
        "MLTestShootingAI2.IsTraining.mean": {
            "value": 1.0,
            "min": 1.0,
            "max": 1.0,
            "count": 4
        },
        "MLTestShootingAI2.IsTraining.sum": {
            "value": 1.0,
            "min": 1.0,
            "max": 1.0,
            "count": 4
        },
        "MLTestShootingAI.Policy.Entropy.mean": {
            "value": 4.20414924621582,
            "min": 4.20414924621582,
            "max": 4.287062168121338,
            "count": 4
        },
        "MLTestShootingAI.Policy.Entropy.sum": {
            "value": 210711.953125,
            "min": 210433.90625,
            "max": 217439.78125,
            "count": 4
        },
        "MLTestShootingAI.Step.mean": {
            "value": 199978.0,
            "min": 49998.0,
            "max": 199978.0,
            "count": 4
        },
        "MLTestShootingAI.Step.sum": {
            "value": 199978.0,
            "min": 49998.0,
            "max": 199978.0,
            "count": 4
        },
        "MLTestShootingAI.Policy.ExtrinsicValueEstimate.mean": {
            "value": -0.03282018005847931,
            "min": -0.2768806517124176,
            "max": -0.03282018005847931,
            "count": 4
        },
        "MLTestShootingAI.Policy.ExtrinsicValueEstimate.sum": {
            "value": -26.74844741821289,
            "min": -241.16305541992188,
            "max": -26.74844741821289,
            "count": 4
        },
        "MLTestShootingAI.Environment.EpisodeLength.mean": {
            "value": 521.48,
            "min": 251.17894736842106,
            "max": 521.48,
            "count": 4
        },
        "MLTestShootingAI.Environment.EpisodeLength.sum": {
            "value": 39111.0,
            "min": 39111.0,
            "max": 49366.0,
            "count": 4
        },
        "MLTestShootingAI.Environment.CumulativeReward.mean": {
            "value": -0.08799999992052714,
            "min": -0.2463768111622852,
            "max": -0.025263157408488425,
            "count": 4
        },
        "MLTestShootingAI.Environment.CumulativeReward.sum": {
            "value": -6.5999999940395355,
            "min": -33.999999940395355,
            "max": -4.799999907612801,
            "count": 4
        },
        "MLTestShootingAI.Policy.ExtrinsicReward.mean": {
            "value": -0.08799999992052714,
            "min": -0.2463768111622852,
            "max": -0.025263157408488425,
            "count": 4
        },
        "MLTestShootingAI.Policy.ExtrinsicReward.sum": {
            "value": -6.5999999940395355,
            "min": -33.999999940395355,
            "max": -4.799999907612801,
            "count": 4
        },
        "MLTestShootingAI.Losses.PolicyLoss.mean": {
            "value": 0.022194323637910806,
            "min": 0.022194323637910806,
            "max": 0.02388452379636874,
            "count": 4
        },
        "MLTestShootingAI.Losses.PolicyLoss.sum": {
            "value": 0.11097161818955403,
            "min": 0.09146580989751481,
            "max": 0.1194226189818437,
            "count": 4
        },
        "MLTestShootingAI.Losses.ValueLoss.mean": {
            "value": 0.010623938164984187,
            "min": 0.010623938164984187,
            "max": 0.042980083466197055,
            "count": 4
        },
        "MLTestShootingAI.Losses.ValueLoss.sum": {
            "value": 0.053119690824920934,
            "min": 0.053119690824920934,