{"count":1,"self":83.942739199999991,"total":5231.1591672999994,"children":{"InitializeActuators":{"count":40,"self":0.0010008999999999999,"total":0.0010008999999999999,"children":null},"InitializeSensors":{"count":40,"self":0.0060054999999999996,"total":0.0060054999999999996,"children":null},"AgentSendState":{"count":69534,"self":2220.3721728,"total":2549.0800344,"children":{"CollectObservations":{"count":2781360,"self":3.0839688,"total":3.0839687,"children":null},"WriteActionMask":{"count":2781360,"self":0.94653029999999994,"total":0.94653029999999994,"children":null},"RequestDecision":{"count":2781360,"self":3.7604072,"total":324.6774039,"children":{"AgentInfo.ToProto":{"count":2781360,"self":3.5417748,"total":320.9169965,"children":{"GenerateSensorData":{"count":2781360,"self":279.3500416,"total":317.3752217,"children":{"RayPerceptionSensor.Perceive":{"count":5562720,"self":38.025171199999996,"total":38.0251725,"children":null}}}}}}}}},"DecideAction":{"count":69534,"self":2575.4075135999997,"total":2575.4075512,"children":null},"AgentAct":{"count":69534,"self":22.4973904,"total":22.677795399999997,"children":{"AgentInfo.ToProto":{"count":1216,"self":0.0010008999999999999,"total":0.1804044,"children":{"GenerateSensorData":{"count":1216,"self":0.16189199999999998,"total":0.1794035,"children":{"RayPerceptionSensor.Perceive":{"count":2432,"self":0.0175115,"total":0.0175115,"children":null}}}}}}},"AgentInfo.ToProto":{"count":310,"self":0.0015019999999999999,"total":0.0435377,"children":{"GenerateSensorData":{"count":310,"self":0.036030599999999996,"total":0.042035699999999995,"children":{"RayPerceptionSensor.Perceive":{"count":620,"self":0.0060050999999999993,"total":0.0060050999999999993,"children":null}}}}}},"gauges":{"MLTestShootingAI.CumulativeReward":{"count":763,"max":1,"min":-1,"runningAverage":-0.009174298,"value":0,"weightedAverage":-0.108668223},"MLTestShootingAI2.CumulativeReward":{"count":763,"max":1,"min":-1,"runningAverage":0.009174298,"value":0,"weightedAverage":0.108668223}},"metadata":{"timer_format_version":"0.1.0","start_time_seconds":"1638882145","unity_version":"2020.3.18f1","command_line_arguments":"C:\\Users\\67160\\Documents\\Unity\\2020.3.18f1\\Editor\\Unity.exe -projectpath C:\/Users\/67160\/Documents\/GitHub\/Demo -useHub -hubIPC -cloudEnvironment production -licensingIpc LicenseClient-4qgflMtlRRxLJ50BfDYP- -hubSessionId 0c418730-571a-11ec-9c3d-b18665a8334b -accessToken SxvMnGW1_0F9sJDbNt3lC9uPilocNifiVDBcAf8e4MQ00df","communication_protocol_version":"1.5.0","com.unity.ml-agents_version":"2.0.1","scene_name":"MLTestScene2","end_time_seconds":"1638887376"}}