{
    "name": "root",
    "gauges": {
        "MLTestShootingAI2.Policy.Entropy.mean": {
            "value": 4.264675140380859,
            "min": 4.12316370010376,
            "max": 4.271413326263428,
            "count": 27
        },
        "MLTestShootingAI2.Policy.Entropy.sum": {
            "value": 212807.296875,
            "min": 207147.734375,
            "max": 214056.671875,
            "count": 27
        },
        "MLTestShootingAI2.Step.mean": {
            "value": 1349956.0,
            "min": 49978.0,
            "max": 1349956.0,
            "count": 27
        },
        "MLTestShootingAI2.Step.sum": {
            "value": 1349956.0,
            "min": 49978.0,
            "max": 1349956.0,
            "count": 27
        },
        "MLTestShootingAI2.Policy.ExtrinsicValueEstimate.mean": {
            "value": 0.0006626049871556461,
            "min": 0.0006626049871556461,
            "max": 0.018206318840384483,
            "count": 27
        },
        "MLTestShootingAI2.Policy.ExtrinsicValueEstimate.sum": {
            "value": 0.530746579170227,
            "min": 0.530746579170227,
            "max": 14.583261489868164,
            "count": 27
        },
        "MLTestShootingAI2.Environment.EpisodeLength.mean": {
            "value": 1786.857142857143,
            "min": 1480.6153846153845,
            "max": 1972.6774193548388,
            "count": 27
        },
        "MLTestShootingAI2.Environment.EpisodeLength.sum": {
            "value": 50032.0,
            "min": 38496.0,
            "max": 61153.0,
            "count": 27
        },
        "MLTestShootingAI2.Environment.CumulativeReward.mean": {
            "value": -0.03571428571428571,
            "min": -0.11538461538461539,
            "max": 0.2413793103448276,
            "count": 27
        },
        "MLTestShootingAI2.Environment.CumulativeReward.sum": {
            "value": -1.0,
            "min": -3.0,
            "max": 7.0,
            "count": 27
        },
        "MLTestShootingAI2.Policy.ExtrinsicReward.mean": {
            "value": -0.03571428571428571,
            "min": -0.11538461538461539,
            "max": 0.2413793103448276,
            "count": 27
        },
        "MLTestShootingAI2.Policy.ExtrinsicReward.sum": {
            "value": -1.0,
            "min": -3.0,
            "max": 7.0,
            "count": 27
        },
        "MLTestShootingAI2.IsTraining.mean": {
            "value": 1.0,
            "min": 1.0,
            "max": 1.0,
            "count": 27
        },
        "MLTestShootingAI2.IsTraining.sum": {
            "value": 1.0,
            "min": 1.0,
            "max": 1.0,
            "count": 27
        },
        "MLTestShootingAI.Policy.Entropy.mean": {
            "value": 4.25216817855835,
            "min": 4.222407817840576,
            "max": 4.265629768371582,
            "count": 27
        },
        "MLTestShootingAI.Policy.Entropy.sum": {
            "value": 212183.1875,
            "min": 211337.484375,
            "max": 213801.78125,
            "count": 27
        },
        "MLTestShootingAI.Step.mean": {
            "value": 1349956.0,
            "min": 49978.0,
            "max": 1349956.0,
            "count": 27
        },
        "MLTestShootingAI.Step.sum": {
            "value": 1349956.0,
            "min": 49978.0,
            "max": 1349956.0,
            "count": 27
        },
        "MLTestShootingAI.Policy.ExtrinsicValueEstimate.mean": {
            "value": 0.004171084146946669,
            "min": 0.0010115980403497815,
            "max": 0.008156959898769855,
            "count": 27
        },
        "MLTestShootingAI.Policy.ExtrinsicValueEstimate.sum": {
            "value": 3.341038227081299,
            "min": 0.8072552680969238,
            "max": 6.566352844238281,
            "count": 27
        },
        "MLTestShootingAI.Environment.EpisodeLength.mean": {
            "value": 1786.857142857143,
            "min": 1480.6153846153845,
            "max": 1972.6774193548388,
            "count": 27
        },
        "MLTestShootingAI.Environment.EpisodeLength.sum": {
            "value": 50032.0,
            "min": 38496.0,
            "max": 61153.0,
            "count": 27
        },
        "MLTestShootingAI.Environment.CumulativeReward.mean": {
            "value": 0.03571428571428571,
            "min": -0.2413793103448276,
            "max": 0.11538461538461539,
            "count": 27
        },
        "MLTestShootingAI.Environment.CumulativeReward.sum": {
            "value": 1.0,
            "min": -7.0,
            "max": 3.0,
            "count": 27
        },
        "MLTestShootingAI.Policy.ExtrinsicReward.mean": {
            "value": 0.03571428571428571,
            "min": -0.2413793103448276,
            "max": 0.11538461538461539,
            "count": 27
        },
        "MLTestShootingAI.Policy.ExtrinsicReward.sum": {
            "value": 1.0,
            "min": -7.0,
            "max": 3.0,
            "count": 27
        },
        "MLTestShootingAI.IsTraining.mean": {
            "value": 1.0,
            "min": 1.0,
            "max": 1.0,
            "count": 27
        },
        "MLTestShootingAI.IsTraining.sum": {
            "value": 1.0,
            "min": 1.0,
            "max": 1.0,
            "count": 27
        },
        "MLTestShootingAI2.Losses.PolicyLoss.mean": {
            "value": 0.0068428576186609765,
            "min": 0.006237674383252549,
            "max": 0.00884761054549017,
            "count": 13
        },
        "MLTestShootingAI2.Losses.PolicyLoss.sum": {
            "value": 0.0068428576186609765,
            "min": 0.006237674383252549,
            "max": 0.00884761054549017,
            "count": 13
        },
        "MLTestShootingAI2.Losses.ValueLoss.mean": {
            "value": 0.0013985996173384288,
            "min": 0.0005649042800844957,
            "max": 0.001861425671571245,
            "count": 13
        },
        "MLTestShootingAI2.Losses.ValueLoss.sum": {
            "value": 0.0013985996173384288,
            "min": 0.0005649042800844957,
            "max": 0.001861425671571245,
            "count": 13
        },
        "MLTestShootingAI2.Policy.LearningRate.mean": {
            "value": 0.00022004984665005998,
            "min": 0.00022004984665005998,
            "max": 0.0002938331420556199,
            "count": 13
        },
        "MLTestShootingAI2.Policy.LearningRate.sum": {
            "value": 0.00022004984665005998,
            "min": 0.00022004984665005998,
            "max": 0.0002938331420556199,
            "count": 13
        },
        "MLTestShootingAI2.Policy.Epsilon.mean": {
            "value": 0.17334993999999992,
            "min": 0.17334993999999992,
            "max": 0.19794438,
            "count": 13
        },
        "MLTestShootingAI2.Policy.Epsilon.sum": {
            "value": 0.17334993999999992,
            "min": 0.17334993999999992,
            "max": 0.19794438,
            "count": 13
        },
        "MLTestShootingAI2.Policy.Beta.mean": {
            "value": 0.003670162006,
            "min": 0.003670162006,
            "max": 0.004897424562000002,
            "count": 13
        },
        "MLTestShootingAI2.Policy.Beta.sum": {
            "value": 0.003670162006,
            "min": 0.003670162006,
            "max": 0.004897424562000002,
            "count": 13
        },
        "MLTestShootingAI.Losses.PolicyLoss.mean": {
            "value": 0.009113016691602145,
            "min": 0.005948069913332196,
            "max": 0.009113016691602145,
            "count": 13
        },
        "MLTestShootingAI.Losses.PolicyLoss.sum": {
            "value": 0.009113016691602145,
            "min": 0.005948069913332196,
            "max": 0.009113016691602145,
            "count": 13
        },
        "MLTestShootingAI.Losses.ValueLoss.mean": {
            "value": 0.001474438349638755,
            "min": 0.0006238074546369414,