{
    "name": "root",
    "metadata": {
        "timer_format_version": "0.1.0",
        "start_time_seconds": "1638198856",
        "python_version": "3.8.8 (default, Apr 13 2021, 15:08:03) [MSC v.1916 64 bit (AMD64)]",
        "command_line_arguments": "C:\\Users\\67160\\Documents\\GitHub\\Demo\\venv\\Scripts\\mlagents-learn --run-id=Test2",
        "mlagents_version": "0.27.0",
        "mlagents_envs_version": "0.27.0",
        "communication_protocol_version": "1.5.0",
        "pytorch_version": "1.7.0+cu110",
        "numpy_version": "1.21.4",
        "end_time_seconds": "1638198870"
    },
    "total": 14.6997947,
    "count": 1,
    "self": 0.003939599999998933,
    "children": {
        "run_training.setup": {
            "total": 0.018974200000000052,
            "count": 1,
            "self": 0.018974200000000052
        },
        "TrainerController.start_learning": {
            "total": 14.6768809,
            "count": 1,
            "self": 0.02333400000004815,
            "children": {
                "TrainerController._reset_env": {
                    "total": 6.194350099999999,
                    "count": 1,
                    "self": 6.194350099999999
                },
                "TrainerController.advance": {
                    "total": 8.404180499999951,
                    "count": 2494,
                    "self": 0.02414169999994975,
                    "children": {
                        "env_step": {
                            "total": 8.248934100000048,
                            "count": 2494,
                            "self": 5.275702600000145,
                            "children": {
                                "SubprocessEnvManager._take_step": {
                                    "total": 2.957283399999951,
                                    "count": 2494,
                                    "self": 0.07836649999996936,
                                    "children": {
                                        "TorchPolicy.evaluate": {
                                            "total": 2.8789168999999815,
                                            "count": 2494,
                                            "self": 1.1243309000000057,
                                            "children": {
                                                "TorchPolicy.sample_actions": {
                                                    "total": 1.7545859999999758,
                                                    "count": 2494,
                                                    "self": 1.7545859999999758
                                                }
                                            }
                                        }
                                    }
                                },
                                "workers": {
                                    "total": 0.01594809999995217,
                                    "count": 2493,
                                    "self": 0.0,
                                    "children": {
                                        "worker_root": {
                                            "total": 9.121270699999984,
                                            "count": 2493,
                                            "is_parallel": true,
                                            "self": 4.884547500000024,
                                            "children": {
                                                "steps_from_proto": {
                                                    "total": 0.0002487999999996049,
                                                    "count": 1,
                                                    "is_parallel": true,
                                                    "self": 0.00010729999999892215,
                                                    "children": {
                                                        "_process_rank_one_or_two_observation": {
                                                            "total": 0.00014150000000068275,
                                                            "count": 2,
                                                            "is_parallel": true,
                                                            "self": 0.00014150000000068275
                                                        }
                                                    }
                                                },
                                                "UnityEnvironment.step": {
                                                    "total": 4.236474399999961,
                                                    "count": 2493,
                                                    "is_parallel": true,
                                                    "self": 0.0952604000000461,
                                                    "children": {
                                                        "UnityEnvironment._generate_step_input": {
                                                            "total": 0.07731809999998429,
                                                            "count": 2493,
                                                            "is_parallel": true,
                                                            "self": 0.07731809999998429
                                                        },
                                                        "communicator.exchange": {
                                                            "total": 3.812203499999965,
                                                            "count": 2493,
                                                            "is_parallel": true,
                                                            "self": 3.812203499999965
                                                        },
                                                        "steps_from_proto": {
                                                            "total": 0.25169239999996496,
                                                            "count": 2493,
                                                            "is_parallel": true,
                                                            "self": 0.14467039999998743,
                                                            "children": {
                                                                "_process_rank_one_or_two_observation": {
                                                                    "total": 0.10702199999997752,
                                                                    "count": 4986,
                                                                    "is_parallel": true,
                                                                    "self": 0.10702199999997752
                                                                }
                                                            }
                                                        }
                                                    }
                                                }
                                            }
                                        }
                                    }
                                }
                            }
                        },
                        "trainer_advance": {
                            "total": 0.13110469999995455,
                            "count": 2493,
                            "self": 0.02399169999989681,
                            "children": {
                                "process_trajectory": {
                                    "total": 0.10711300000005775,
                                    "count": 2493,
                                    "self": 0.10711300000005775
                                }
                            }
                        }
                    }
                },