{
    "name": "root",
    "gauges": {
        "MLTestShootingAI2.Policy.Entropy.mean": {
            "value": 4.2960896492004395,
            "min": 4.2960896492004395,
            "max": 4.2960896492004395,
            "count": 1
        },
        "MLTestShootingAI2.Policy.Entropy.sum": {
            "value": 217038.4375,
            "min": 217038.4375,
            "max": 217038.4375,
            "count": 1
        },
        "MLTestShootingAI2.Step.mean": {
            "value": 49969.0,
            "min": 49969.0,
            "max": 49969.0,
            "count": 1
        },
        "MLTestShootingAI2.Step.sum": {
            "value": 49969.0,
            "min": 49969.0,
            "max": 49969.0,
            "count": 1
        },
        "MLTestShootingAI2.Policy.ExtrinsicValueEstimate.mean": {
            "value": 0.2352181226015091,
            "min": 0.2352181226015091,
            "max": 0.2352181226015091,
            "count": 1
        },
        "MLTestShootingAI2.Policy.ExtrinsicValueEstimate.sum": {
            "value": 202.75802612304688,
            "min": 202.75802612304688,
            "max": 202.75802612304688,
            "count": 1
        },
        "MLTestShootingAI2.Environment.EpisodeLength.mean": {
            "value": 279.0061728395062,
            "min": 279.0061728395062,
            "max": 279.0061728395062,
            "count": 1
        },
        "MLTestShootingAI2.Environment.EpisodeLength.sum": {
            "value": 45199.0,
            "min": 45199.0,
            "max": 45199.0,
            "count": 1
        },
        "MLTestShootingAI2.Environment.CumulativeReward.mean": {
            "value": -0.06666666600439283,
            "min": -0.06666666600439283,
            "max": -0.06666666600439283,
            "count": 1
        },
        "MLTestShootingAI2.Environment.CumulativeReward.sum": {
            "value": -10.79999989271164,
            "min": -10.79999989271164,
            "max": -10.79999989271164,
            "count": 1
        },
        "MLTestShootingAI2.Policy.ExtrinsicReward.mean": {
            "value": -0.06666666600439283,
            "min": -0.06666666600439283,
            "max": -0.06666666600439283,
            "count": 1
        },
        "MLTestShootingAI2.Policy.ExtrinsicReward.sum": {
            "value": -10.79999989271164,
            "min": -10.79999989271164,
            "max": -10.79999989271164,
            "count": 1
        },
        "MLTestShootingAI2.Losses.PolicyLoss.mean": {
            "value": 0.024947774968556283,
            "min": 0.024947774968556283,
            "max": 0.024947774968556283,
            "count": 1
        },
        "MLTestShootingAI2.Losses.PolicyLoss.sum": {
            "value": 0.09979109987422513,
            "min": 0.09979109987422513,
            "max": 0.09979109987422513,
            "count": 1
        },
        "MLTestShootingAI2.Losses.ValueLoss.mean": {
            "value": 0.04679053826257586,
            "min": 0.04679053826257586,
            "max": 0.04679053826257586,
            "count": 1
        },
        "MLTestShootingAI2.Losses.ValueLoss.sum": {
            "value": 0.18716215305030345,
            "min": 0.18716215305030345,
            "max": 0.18716215305030345,
            "count": 1
        },
        "MLTestShootingAI2.Policy.LearningRate.mean": {
            "value": 0.0002846112051296,
            "min": 0.0002846112051296,
            "max": 0.0002846112051296,
            "count": 1
        },
        "MLTestShootingAI2.Policy.LearningRate.sum": {
            "value": 0.0011384448205184,
            "min": 0.0011384448205184,
            "max": 0.0011384448205184,
            "count": 1
        },
        "MLTestShootingAI2.Policy.Epsilon.mean": {
            "value": 0.19487039999999997,
            "min": 0.19487039999999997,
            "max": 0.19487039999999997,
            "count": 1
        },
        "MLTestShootingAI2.Policy.Epsilon.sum": {
            "value": 0.7794815999999999,
            "min": 0.7794815999999999,
            "max": 0.7794815999999999,
            "count": 1
        },
        "MLTestShootingAI2.Policy.Beta.mean": {
            "value": 0.00474403296,
            "min": 0.00474403296,
            "max": 0.00474403296,
            "count": 1
        },
        "MLTestShootingAI2.Policy.Beta.sum": {
            "value": 0.01897613184,
            "min": 0.01897613184,
            "max": 0.01897613184,
            "count": 1
        },
        "MLTestShootingAI2.IsTraining.mean": {
            "value": 1.0,
            "min": 1.0,
            "max": 1.0,
            "count": 1
        },
        "MLTestShootingAI2.IsTraining.sum": {
            "value": 1.0,
            "min": 1.0,
            "max": 1.0,
            "count": 1
        },
        "MLTestShootingAI.Policy.Entropy.mean": {
            "value": 4.29390811920166,
            "min": 4.29390811920166,
            "max": 4.29390811920166,
            "count": 1
        },
        "MLTestShootingAI.Policy.Entropy.sum": {
            "value": 216928.25,
            "min": 216928.25,
            "max": 216928.25,
            "count": 1
        },
        "MLTestShootingAI.Step.mean": {
            "value": 49969.0,
            "min": 49969.0,
            "max": 49969.0,
            "count": 1
        },
        "MLTestShootingAI.Step.sum": {
            "value": 49969.0,
            "min": 49969.0,
            "max": 49969.0,
            "count": 1
        },
        "MLTestShootingAI.Policy.ExtrinsicValueEstimate.mean": {
            "value": 0.4795444905757904,
            "min": 0.4795444905757904,
            "max": 0.4795444905757904,
            "count": 1
        },
        "MLTestShootingAI.Policy.ExtrinsicValueEstimate.sum": {
            "value": 413.3673400878906,
            "min": 413.3673400878906,
            "max": 413.3673400878906,
            "count": 1
        },
        "MLTestShootingAI.Environment.EpisodeLength.mean": {
            "value": 279.0061728395062,
            "min": 279.0061728395062,
            "max": 279.0061728395062,
            "count": 1
        },
        "MLTestShootingAI.Environment.EpisodeLength.sum": {
            "value": 45199.0,
            "min": 45199.0,
            "max": 45199.0,
            "count": 1
        },
        "MLTestShootingAI.Environment.CumulativeReward.mean": {
            "value": -0.22469135760157197,
            "min": -0.22469135760157197,
            "max": -0.22469135760157197,
            "count": 1
        },
        "MLTestShootingAI.Environment.CumulativeReward.sum": {
            "value": -36.39999993145466,
            "min": -36.39999993145466,
            "max": -36.39999993145466,
            "count": 1
        },
        "MLTestShootingAI.Policy.ExtrinsicReward.mean": {
            "value": -0.22469135760157197,
            "min": -0.22469135760157197,
            "max": -0.22469135760157197,
            "count": 1
        },
        "MLTestShootingAI.Policy.ExtrinsicReward.sum": {
            "value": -36.39999993145466,
            "min": -36.39999993145466,
            "max": -36.39999993145466,
            "count": 1
        },
        "MLTestShootingAI.Losses.PolicyLoss.mean": {
            "value": 0.02341600173152377,
            "min": 0.02341600173152377,
            "max": 0.02341600173152377,
            "count": 1
        },
        "MLTestShootingAI.Losses.PolicyLoss.sum": {
            "value": 0.09366400692609508,
            "min": 0.09366400692609508,
            "max": 0.09366400692609508,
            "count": 1
        },
        "MLTestShootingAI.Losses.ValueLoss.mean": {
            "value": 0.057287863967940215,
            "min": 0.057287863967940215,
            "max": 0.057287863967940215,
            "count": 1
        },
        "MLTestShootingAI.Losses.ValueLoss.sum": {
            "value": 0.22915145587176086,
            "min": 0.22915145587176086,
            "max": 0.22915145587176086,