{
    "name": "root",
    "metadata": {
        "timer_format_version": "0.1.0",
        "start_time_seconds": "1638198818",
        "python_version": "3.8.8 (default, Apr 13 2021, 15:08:03) [MSC v.1916 64 bit (AMD64)]",
        "command_line_arguments": "C:\\Users\\67160\\Documents\\GitHub\\Demo\\venv\\Scripts\\mlagents-learn --run-id=Test1",
        "mlagents_version": "0.27.0",
        "mlagents_envs_version": "0.27.0",
        "communication_protocol_version": "1.5.0",
        "pytorch_version": "1.7.0+cu110",
        "numpy_version": "1.21.4",
        "end_time_seconds": "1638198843"
    },
    "total": 24.1703266,
    "count": 1,
    "self": 0.003982999999998071,
    "children": {
        "run_training.setup": {
            "total": 0.01905430000000008,
            "count": 1,
            "self": 0.01905430000000008
        },
        "TrainerController.start_learning": {
            "total": 24.1472893,
            "count": 1,
            "self": 0.027583599999967845,
            "children": {
                "TrainerController._reset_env": {
                    "total": 13.8770601,
                    "count": 1,
                    "self": 13.8770601
                },
                "TrainerController.advance": {
                    "total": 10.186403000000038,
                    "count": 2761,
                    "self": 0.02787040000010066,
                    "children": {
                        "env_step": {
                            "total": 10.011419599999876,
                            "count": 2761,
                            "self": 6.747613699999876,
                            "children": {
                                "SubprocessEnvManager._take_step": {
                                    "total": 3.2452385000000437,
                                    "count": 2761,
                                    "self": 0.08977530000009892,
                                    "children": {
                                        "TorchPolicy.evaluate": {
                                            "total": 3.1554631999999447,
                                            "count": 2761,
                                            "self": 1.2096622000000252,
                                            "children": {
                                                "TorchPolicy.sample_actions": {
                                                    "total": 1.9458009999999195,
                                                    "count": 2761,
                                                    "self": 1.9458009999999195
                                                }
                                            }
                                        }
                                    }
                                },
                                "workers": {
                                    "total": 0.018567399999955825,
                                    "count": 2760,
                                    "self": 0.0,
                                    "children": {
                                        "worker_root": {
                                            "total": 11.037139299999943,
                                            "count": 2760,
                                            "is_parallel": true,
                                            "self": 5.4824335999999825,
                                            "children": {
                                                "steps_from_proto": {
                                                    "total": 0.00025770000000058246,
                                                    "count": 1,
                                                    "is_parallel": true,
                                                    "self": 0.00010520000000013852,
                                                    "children": {
                                                        "_process_rank_one_or_two_observation": {
                                                            "total": 0.00015250000000044395,
                                                            "count": 2,
                                                            "is_parallel": true,
                                                            "self": 0.00015250000000044395
                                                        }
                                                    }
                                                },
                                                "UnityEnvironment.step": {
                                                    "total": 5.55444799999996,
                                                    "count": 2760,
                                                    "is_parallel": true,
                                                    "self": 0.11060909999987878,
                                                    "children": {
                                                        "UnityEnvironment._generate_step_input": {
                                                            "total": 0.08964320000004378,
                                                            "count": 2760,
                                                            "is_parallel": true,
                                                            "self": 0.08964320000004378
                                                        },
                                                        "communicator.exchange": {
                                                            "total": 5.060781500000028,
                                                            "count": 2760,
                                                            "is_parallel": true,
                                                            "self": 5.060781500000028
                                                        },
                                                        "steps_from_proto": {
                                                            "total": 0.29341420000000973,
                                                            "count": 2760,
                                                            "is_parallel": true,
                                                            "self": 0.17388650000015105,
                                                            "children": {
                                                                "_process_rank_one_or_two_observation": {
                                                                    "total": 0.11952769999985868,
                                                                    "count": 5520,
                                                                    "is_parallel": true,
                                                                    "self": 0.11952769999985868
                                                                }
                                                            }
                                                        }
                                                    }
                                                }
                                            }
                                        }
                                    }
                                }
                            }
                        },
                        "trainer_advance": {
                            "total": 0.14711300000006133,
                            "count": 2760,
                            "self": 0.027270100000144737,
                            "children": {
                                "process_trajectory": {
                                    "total": 0.1198428999999166,
                                    "count": 2760,
                                    "self": 0.1198428999999166
                                }
                            }
                        }
                    }
                },