{
    "name": "root",
    "gauges": {
        "MLTestShootingAI.Policy.Entropy.mean": {
            "value": 4.01572847366333,
            "min": 4.01572847366333,
            "max": 4.306513786315918,
            "count": 300
        },
        "MLTestShootingAI.Policy.Entropy.sum": {
            "value": 201107.6875,
            "min": 201107.6875,
            "max": 218167.984375,
            "count": 300
        },
        "MLTestShootingAI.Environment.EpisodeLength.mean": {
            "value": 747.8714285714286,
            "min": 58.773381294964025,
            "max": 844.4107142857143,
            "count": 300
        },
        "MLTestShootingAI.Environment.EpisodeLength.sum": {
            "value": 52351.0,
            "min": 45034.0,
            "max": 54918.0,
            "count": 300
        },
        "MLTestShootingAI.Step.mean": {
            "value": 14999958.0,
            "min": 49979.0,
            "max": 14999958.0,
            "count": 300
        },
        "MLTestShootingAI.Step.sum": {
            "value": 14999958.0,
            "min": 49979.0,
            "max": 14999958.0,
            "count": 300
        },
        "MLTestShootingAI.Policy.ExtrinsicValueEstimate.mean": {
            "value": -1.7533622980117798,
            "min": -10.408180236816406,
            "max": -0.036891426891088486,
            "count": 300
        },
        "MLTestShootingAI.Policy.ExtrinsicValueEstimate.sum": {
            "value": -1423.730224609375,
            "min": -10109.13671875,
            "max": -43.162967681884766,
            "count": 300
        },
        "MLTestShootingAI.Environment.CumulativeReward.mean": {
            "value": -11.509999871253967,
            "min": -70.71098903509287,
            "max": 5.412790777724843,
            "count": 300
        },
        "MLTestShootingAI.Environment.CumulativeReward.sum": {
            "value": -805.6999909877777,
            "min": -26000.199453420937,
            "max": 465.50000688433647,
            "count": 300
        },
        "MLTestShootingAI.Policy.ExtrinsicReward.mean": {
            "value": -11.509999871253967,
            "min": -70.71098903509287,
            "max": 5.412790777724843,
            "count": 300
        },
        "MLTestShootingAI.Policy.ExtrinsicReward.sum": {
            "value": -805.6999909877777,
            "min": -26000.199453420937,
            "max": 465.50000688433647,
            "count": 300
        },
        "MLTestShootingAI.IsTraining.mean": {
            "value": 1.0,
            "min": 1.0,
            "max": 1.0,
            "count": 300
        },
        "MLTestShootingAI.IsTraining.sum": {
            "value": 1.0,
            "min": 1.0,
            "max": 1.0,
            "count": 300
        },
        "MLTestShootingAI2.Policy.Entropy.mean": {
            "value": 3.794464111328125,
            "min": 3.7817299365997314,
            "max": 4.3073906898498535,
            "count": 300
        },
        "MLTestShootingAI2.Policy.Entropy.sum": {
            "value": 190026.765625,
            "min": 189086.5,
            "max": 218212.171875,
            "count": 300
        },
        "MLTestShootingAI2.Environment.EpisodeLength.mean": {
            "value": 747.8714285714286,
            "min": 58.773381294964025,
            "max": 844.4107142857143,
            "count": 300
        },
        "MLTestShootingAI2.Environment.EpisodeLength.sum": {
            "value": 52351.0,
            "min": 45034.0,
            "max": 54918.0,
            "count": 300
        },
        "MLTestShootingAI2.Step.mean": {
            "value": 14999958.0,
            "min": 49979.0,
            "max": 14999958.0,
            "count": 300
        },
        "MLTestShootingAI2.Step.sum": {
            "value": 14999958.0,
            "min": 49979.0,
            "max": 14999958.0,
            "count": 300
        },
        "MLTestShootingAI2.Policy.ExtrinsicValueEstimate.mean": {
            "value": -4.939786911010742,
            "min": -6.594909191131592,
            "max": 2.1615943908691406,
            "count": 300
        },
        "MLTestShootingAI2.Policy.ExtrinsicValueEstimate.sum": {
            "value": -4011.10693359375,
            "min": -5407.25,
            "max": 1831.277099609375,
            "count": 300
        },
        "MLTestShootingAI2.Environment.CumulativeReward.mean": {
            "value": -38.06000009434564,
            "min": -54.747674092303875,
            "max": 19.45934102037451,
            "count": 300
        },
        "MLTestShootingAI2.Environment.CumulativeReward.sum": {
            "value": -2664.2000066041946,
            "min": -15175.799440644681,
            "max": 1966.0001011788845,
            "count": 300
        },
        "MLTestShootingAI2.Policy.ExtrinsicReward.mean": {
            "value": -38.06000009434564,
            "min": -54.747674092303875,
            "max": 19.45934102037451,
            "count": 300
        },
        "MLTestShootingAI2.Policy.ExtrinsicReward.sum": {
            "value": -2664.2000066041946,
            "min": -15175.799440644681,
            "max": 1966.0001011788845,
            "count": 300
        },
        "MLTestShootingAI2.IsTraining.mean": {
            "value": 1.0,
            "min": 1.0,
            "max": 1.0,
            "count": 300
        },
        "MLTestShootingAI2.IsTraining.sum": {
            "value": 1.0,
            "min": 1.0,
            "max": 1.0,
            "count": 300
        },
        "MLTestShootingAI.Losses.PolicyLoss.mean": {
            "value": 0.006887513009132817,
            "min": 0.005080388506758027,
            "max": 0.009915042180606785,
            "count": 146
        },
        "MLTestShootingAI.Losses.PolicyLoss.sum": {
            "value": 0.006887513009132817,
            "min": 0.005080388506758027,
            "max": 0.009915042180606785,
            "count": 146
        },
        "MLTestShootingAI.Losses.ValueLoss.mean": {
            "value": 36.540841801961264,
            "min": 29.336664772033693,
            "max": 1034.1806111653646,
            "count": 146
        },
        "MLTestShootingAI.Losses.ValueLoss.sum": {
            "value": 36.540841801961264,
            "min": 29.336664772033693,
            "max": 1034.1806111653646,
            "count": 146
        },
        "MLTestShootingAI.Policy.LearningRate.mean": {
            "value": 8.741197086599862e-07,
            "min": 8.741197086599862e-07,
            "max": 0.00029795134068288654,
            "count": 146
        },
        "MLTestShootingAI.Policy.LearningRate.sum": {
            "value": 8.741197086599862e-07,
            "min": 8.741197086599862e-07,
            "max": 0.00029795134068288654,
            "count": 146
        },
        "MLTestShootingAI.Policy.Epsilon.mean": {
            "value": 0.10029134000000002,
            "min": 0.10029134000000002,
            "max": 0.1993171133333334,
            "count": 146
        },
        "MLTestShootingAI.Policy.Epsilon.sum": {
            "value": 0.10029134000000002,
            "min": 0.10029134000000002,
            "max": 0.1993171133333334,
            "count": 146
        },
        "MLTestShootingAI.Policy.Beta.mean": {
            "value": 2.4537865999999788e-05,
            "min": 2.4537865999999788e-05,
            "max": 0.004965923955333332,
            "count": 146
        },
        "MLTestShootingAI.Policy.Beta.sum": {
            "value": 2.4537865999999788e-05,
            "min": 2.4537865999999788e-05,
            "max": 0.004965923955333332,
            "count": 146
        },
        "MLTestShootingAI2.Losses.PolicyLoss.mean": {
            "value": 0.0058915759429510215,
            "min": 0.005398550996324048,
            "max": 0.010395529126981273,
            "count": 146
        },
        "MLTestShootingAI2.Losses.PolicyLoss.sum": {
            "value": 0.0058915759429510215,
            "min": 0.005398550996324048,