{
    "name": "root",
    "gauges": {
        "MLTestShootingAI2.Policy.Entropy.mean": {
            "value": 4.1150922775268555,
            "min": 4.1150922775268555,
            "max": 4.296158313751221,
            "count": 10
        },
        "MLTestShootingAI2.Policy.Entropy.sum": {
            "value": 205343.09375,
            "min": 205343.09375,
            "max": 217557.453125,
            "count": 10
        },
        "MLTestShootingAI2.Step.mean": {
            "value": 499949.0,
            "min": 49987.0,
            "max": 499949.0,
            "count": 10
        },
        "MLTestShootingAI2.Step.sum": {
            "value": 499949.0,
            "min": 49987.0,
            "max": 499949.0,
            "count": 10
        },
        "MLTestShootingAI2.Policy.ExtrinsicValueEstimate.mean": {
            "value": -0.024722175672650337,
            "min": -0.2286747246980667,
            "max": 0.02458392269909382,
            "count": 10
        },
        "MLTestShootingAI2.Policy.ExtrinsicValueEstimate.sum": {
            "value": -20.000240325927734,
            "min": -200.5477294921875,
            "max": 20.257152557373047,
            "count": 10
        },
        "MLTestShootingAI2.Environment.EpisodeLength.mean": {
            "value": 1154.44,
            "min": 243.0777202072539,
            "max": 1680.8108108108108,
            "count": 10
        },
        "MLTestShootingAI2.Environment.EpisodeLength.sum": {
            "value": 57722.0,
            "min": 36738.0,
            "max": 62190.0,
            "count": 10
        },
        "MLTestShootingAI2.Environment.CumulativeReward.mean": {
            "value": 0.044000000059604645,
            "min": -0.33513513489349467,
            "max": 0.04827586214604049,
            "count": 10
        },
        "MLTestShootingAI2.Environment.CumulativeReward.sum": {
            "value": 2.2000000029802322,
            "min": -39.799999952316284,
            "max": 5.600000008940697,
            "count": 10
        },
        "MLTestShootingAI2.Policy.ExtrinsicReward.mean": {
            "value": 0.044000000059604645,
            "min": -0.33513513489349467,
            "max": 0.04827586214604049,
            "count": 10
        },
        "MLTestShootingAI2.Policy.ExtrinsicReward.sum": {
            "value": 2.2000000029802322,
            "min": -39.799999952316284,
            "max": 5.600000008940697,
            "count": 10
        },
        "MLTestShootingAI2.Losses.PolicyLoss.mean": {
            "value": 0.02682468263509994,
            "min": 0.02141594724540482,
            "max": 0.02682468263509994,
            "count": 10
        },
        "MLTestShootingAI2.Losses.PolicyLoss.sum": {
            "value": 0.1341234131754997,
            "min": 0.0948807297728005,
            "max": 0.1341234131754997,
            "count": 10
        },
        "MLTestShootingAI2.Losses.ValueLoss.mean": {
            "value": 0.007164030374648671,
            "min": 0.003682724035267408,
            "max": 0.057392463398476444,
            "count": 10
        },
        "MLTestShootingAI2.Losses.ValueLoss.sum": {
            "value": 0.035820151873243354,
            "min": 0.014730896141069632,
            "max": 0.22956985359390578,
            "count": 10
        },
        "MLTestShootingAI2.Policy.LearningRate.mean": {
            "value": 1.6210294596599992e-05,
            "min": 1.6210294596599992e-05,
            "max": 0.00028456365514545,
            "count": 10
        },
        "MLTestShootingAI2.Policy.LearningRate.sum": {
            "value": 8.105147298299995e-05,
            "min": 8.105147298299995e-05,
            "max": 0.0012838818720394,
            "count": 10
        },
        "MLTestShootingAI2.Policy.Epsilon.mean": {
            "value": 0.10540340000000001,
            "min": 0.10540340000000001,
            "max": 0.19485455000000002,
            "count": 10
        },
        "MLTestShootingAI2.Policy.Epsilon.sum": {
            "value": 0.5270170000000001,
            "min": 0.499787,
            "max": 0.9279605999999999,
            "count": 10
        },
        "MLTestShootingAI2.Policy.Beta.mean": {
            "value": 0.00027962966,
            "min": 0.00027962966,
            "max": 0.004743242045,
            "count": 10
        },
        "MLTestShootingAI2.Policy.Beta.sum": {
            "value": 0.0013981483,
            "min": 0.0013981483,
            "max": 0.021405233939999997,
            "count": 10
        },
        "MLTestShootingAI2.IsTraining.mean": {
            "value": 1.0,
            "min": 1.0,
            "max": 1.0,
            "count": 10
        },
        "MLTestShootingAI2.IsTraining.sum": {
            "value": 1.0,
            "min": 1.0,
            "max": 1.0,
            "count": 10
        },
        "MLTestShootingAI.Policy.Entropy.mean": {
            "value": 4.154487609863281,
            "min": 4.154487609863281,
            "max": 4.287445545196533,
            "count": 10
        },
        "MLTestShootingAI.Policy.Entropy.sum": {
            "value": 207308.921875,
            "min": 207308.921875,
            "max": 217116.25,
            "count": 10
        },
        "MLTestShootingAI.Step.mean": {
            "value": 499949.0,
            "min": 49987.0,
            "max": 499949.0,
            "count": 10
        },
        "MLTestShootingAI.Step.sum": {
            "value": 499949.0,
            "min": 49987.0,
            "max": 499949.0,
            "count": 10
        },
        "MLTestShootingAI.Policy.ExtrinsicValueEstimate.mean": {
            "value": 0.010057874023914337,
            "min": -0.35839083790779114,
            "max": 0.018596701323986053,
            "count": 10
        },
        "MLTestShootingAI.Policy.ExtrinsicValueEstimate.sum": {
            "value": 8.136819839477539,
            "min": -314.30877685546875,
            "max": 14.877360343933105,
            "count": 10
        },
        "MLTestShootingAI.Environment.EpisodeLength.mean": {
            "value": 1154.44,
            "min": 243.0777202072539,
            "max": 1680.8108108108108,
            "count": 10
        },
        "MLTestShootingAI.Environment.EpisodeLength.sum": {
            "value": 57722.0,
            "min": 36738.0,
            "max": 62190.0,
            "count": 10
        },
        "MLTestShootingAI.Environment.CumulativeReward.mean": {
            "value": -0.06,
            "min": -0.1999999995653828,
            "max": 0.2702702702702703,
            "count": 10
        },
        "MLTestShootingAI.Environment.CumulativeReward.sum": {
            "value": -3.0,
            "min": -26.59999990463257,
            "max": 10.0,
            "count": 10
        },
        "MLTestShootingAI.Policy.ExtrinsicReward.mean": {
            "value": -0.06,
            "min": -0.1999999995653828,
            "max": 0.2702702702702703,
            "count": 10
        },
        "MLTestShootingAI.Policy.ExtrinsicReward.sum": {
            "value": -3.0,
            "min": -26.59999990463257,
            "max": 10.0,
            "count": 10
        },
        "MLTestShootingAI.Losses.PolicyLoss.mean": {
            "value": 0.024665001310640946,
            "min": 0.02118698416532425,
            "max": 0.025042058740897728,
            "count": 10
        },
        "MLTestShootingAI.Losses.PolicyLoss.sum": {
            "value": 0.12332500655320473,
            "min": 0.08797392298583873,
            "max": 0.12521029370448863,
            "count": 10
        },
        "MLTestShootingAI.Losses.ValueLoss.mean": {
            "value": 0.007289609503156195,
            "min": 0.004020005009078887,
            "max": 0.052089452541743714,
            "count": 10
        },
        "MLTestShootingAI.Losses.ValueLoss.sum": {
            "value": 0.03644804751578098,
            "min": 0.016080020036315548,
            "max": 0.20835781016697486,
            "count": 10
        },