{
    "name": "root",
    "gauges": {
        "MLTestShootingAI2.Policy.Entropy.mean": {
            "value": 4.01980447769165,
            "min": 4.01980447769165,
            "max": 4.285826683044434,
            "count": 10
        },
        "MLTestShootingAI2.Policy.Entropy.sum": {
            "value": 201070.609375,
            "min": 201070.609375,
            "max": 215410.921875,
            "count": 10
        },
        "MLTestShootingAI2.Environment.EpisodeLength.mean": {
            "value": 439.17391304347825,
            "min": 181.7218045112782,
            "max": 439.17391304347825,
            "count": 10
        },
        "MLTestShootingAI2.Environment.EpisodeLength.sum": {
            "value": 50505.0,
            "min": 47097.0,
            "max": 52090.0,
            "count": 10
        },
        "MLTestShootingAI2.Step.mean": {
            "value": 499999.0,
            "min": 49990.0,
            "max": 499999.0,
            "count": 10
        },
        "MLTestShootingAI2.Step.sum": {
            "value": 499999.0,
            "min": 49990.0,
            "max": 499999.0,
            "count": 10
        },
        "MLTestShootingAI2.Policy.ExtrinsicValueEstimate.mean": {
            "value": 0.12162001430988312,
            "min": 0.12162001430988312,
            "max": 1.8326306343078613,
            "count": 10
        },
        "MLTestShootingAI2.Policy.ExtrinsicValueEstimate.sum": {
            "value": 101.67433166503906,
            "min": 101.67433166503906,
            "max": 1671.359130859375,
            "count": 10
        },
        "MLTestShootingAI2.Environment.CumulativeReward.mean": {
            "value": 0.4782608695652174,
            "min": 0.023076923076923078,
            "max": 0.4927536231884058,
            "count": 10
        },
        "MLTestShootingAI2.Environment.CumulativeReward.sum": {
            "value": 55.0,
            "min": 6.0,
            "max": 83.0,
            "count": 10
        },
        "MLTestShootingAI2.Policy.ExtrinsicReward.mean": {
            "value": 0.4782608695652174,
            "min": 0.023076923076923078,
            "max": 0.4927536231884058,
            "count": 10
        },
        "MLTestShootingAI2.Policy.ExtrinsicReward.sum": {
            "value": 55.0,
            "min": 6.0,
            "max": 83.0,
            "count": 10
        },
        "MLTestShootingAI2.Losses.PolicyLoss.mean": {
            "value": 0.02441519361042689,
            "min": 0.02145176436926704,
            "max": 0.02578297355910763,
            "count": 10
        },
        "MLTestShootingAI2.Losses.PolicyLoss.sum": {
            "value": 0.12207596805213446,
            "min": 0.09608472116718379,
            "max": 0.12891486779553815,
            "count": 10
        },
        "MLTestShootingAI2.Losses.ValueLoss.mean": {
            "value": 0.016182820964604615,
            "min": 0.016182820964604615,
            "max": 0.21603792229046423,
            "count": 10
        },
        "MLTestShootingAI2.Losses.ValueLoss.sum": {
            "value": 0.08091410482302308,
            "min": 0.08091410482302308,
            "max": 0.8641516891618569,
            "count": 10
        },
        "MLTestShootingAI2.Policy.LearningRate.mean": {
            "value": 1.629897456704e-05,
            "min": 1.629897456704e-05,
            "max": 0.00028454325515224997,
            "count": 10
        },
        "MLTestShootingAI2.Policy.LearningRate.sum": {
            "value": 8.14948728352e-05,
            "min": 8.14948728352e-05,
            "max": 0.0012839574720142,
            "count": 10
        },
        "MLTestShootingAI2.Policy.Epsilon.mean": {
            "value": 0.10543295999999999,
            "min": 0.10543295999999999,
            "max": 0.19484775000000004,
            "count": 10
        },
        "MLTestShootingAI2.Policy.Epsilon.sum": {
            "value": 0.5271648,
            "min": 0.49975459999999994,
            "max": 0.9279858000000001,
            "count": 10
        },
        "MLTestShootingAI2.Policy.Beta.mean": {
            "value": 0.000281104704,
            "min": 0.000281104704,
            "max": 0.0047429027249999995,
            "count": 10
        },
        "MLTestShootingAI2.Policy.Beta.sum": {
            "value": 0.0014055235200000002,
            "min": 0.0014055235200000002,
            "max": 0.02140649142,
            "count": 10
        },
        "MLTestShootingAI2.IsTraining.mean": {
            "value": 1.0,
            "min": 1.0,
            "max": 1.0,
            "count": 10
        },
        "MLTestShootingAI2.IsTraining.sum": {
            "value": 1.0,
            "min": 1.0,
            "max": 1.0,
            "count": 10
        },
        "MLTestShootingAI.Policy.Entropy.mean": {
            "value": 4.162144660949707,
            "min": 4.162144660949707,
            "max": 4.22721529006958,
            "count": 10
        },
        "MLTestShootingAI.Policy.Entropy.sum": {
            "value": 208190.484375,
            "min": 207979.296875,
            "max": 212967.109375,
            "count": 10
        },
        "MLTestShootingAI.Environment.EpisodeLength.mean": {
            "value": 439.17391304347825,
            "min": 181.7218045112782,
            "max": 439.17391304347825,
            "count": 10
        },
        "MLTestShootingAI.Environment.EpisodeLength.sum": {
            "value": 50505.0,
            "min": 47097.0,
            "max": 52090.0,
            "count": 10
        },
        "MLTestShootingAI.Step.mean": {
            "value": 499999.0,
            "min": 49990.0,
            "max": 499999.0,
            "count": 10
        },
        "MLTestShootingAI.Step.sum": {
            "value": 499999.0,
            "min": 49990.0,
            "max": 499999.0,
            "count": 10
        },
        "MLTestShootingAI.Policy.ExtrinsicValueEstimate.mean": {
            "value": -0.0947166159749031,
            "min": -0.13032206892967224,
            "max": 1.6316508054733276,
            "count": 10
        },
        "MLTestShootingAI.Policy.ExtrinsicValueEstimate.sum": {
            "value": -79.18309020996094,
            "min": -110.38279724121094,
            "max": 1488.0655517578125,
            "count": 10
        },
        "MLTestShootingAI.Environment.CumulativeReward.mean": {
            "value": -0.4782608695652174,
            "min": -0.4927536231884058,
            "max": -0.023076923076923078,
            "count": 10
        },
        "MLTestShootingAI.Environment.CumulativeReward.sum": {
            "value": -55.0,
            "min": -83.0,
            "max": -6.0,
            "count": 10
        },
        "MLTestShootingAI.Policy.ExtrinsicReward.mean": {
            "value": -0.4782608695652174,
            "min": -0.4927536231884058,
            "max": -0.023076923076923078,
            "count": 10
        },
        "MLTestShootingAI.Policy.ExtrinsicReward.sum": {
            "value": -55.0,
            "min": -83.0,
            "max": -6.0,
            "count": 10
        },
        "MLTestShootingAI.Losses.PolicyLoss.mean": {
            "value": 0.02383667768818365,
            "min": 0.021923983438949416,
            "max": 0.025770663353760027,
            "count": 10
        },
        "MLTestShootingAI.Losses.PolicyLoss.sum": {
            "value": 0.11918338844091825,
            "min": 0.09090627845289419,
            "max": 0.12885331676880013,
            "count": 10
        },
        "MLTestShootingAI.Losses.ValueLoss.mean": {
            "value": 0.015366906300187111,
            "min": 0.015366906300187111,
            "max": 0.3980526101465026,
            "count": 10
        },
        "MLTestShootingAI.Losses.ValueLoss.sum": {
            "value": 0.07683453150093555,
            "min": 0.07683453150093555,
            "max": 1.5922104405860105,
            "count": 10
        },