{
    "name": "root",
    "gauges": {
        "MLTestShootingAI.Policy.Entropy.mean": {
            "value": 4.2365288734436035,
            "min": 4.1798481941223145,
            "max": 4.242541790008545,
            "count": 37
        },
        "MLTestShootingAI.Policy.Entropy.sum": {
            "value": 211826.4375,
            "min": 209076.015625,
            "max": 212466.484375,
            "count": 37
        },
        "MLTestShootingAI.Step.mean": {
            "value": 2349988.0,
            "min": 549948.0,
            "max": 2349988.0,
            "count": 37
        },
        "MLTestShootingAI.Step.sum": {
            "value": 2349988.0,
            "min": 549948.0,
            "max": 2349988.0,
            "count": 37
        },
        "MLTestShootingAI.Policy.ExtrinsicValueEstimate.mean": {
            "value": -0.3477436900138855,
            "min": -0.6763213872909546,
            "max": 1.249266266822815,
            "count": 37
        },
        "MLTestShootingAI.Policy.ExtrinsicValueEstimate.sum": {
            "value": -278.5426940917969,
            "min": -542.4097290039062,
            "max": 1005.6593017578125,
            "count": 37
        },
        "MLTestShootingAI.Environment.EpisodeLength.mean": {
            "value": 946.7708333333334,
            "min": 823.78,
            "max": 983.6842105263158,
            "count": 37
        },
        "MLTestShootingAI.Environment.EpisodeLength.sum": {
            "value": 45445.0,
            "min": 41189.0,
            "max": 56070.0,
            "count": 37
        },
        "MLTestShootingAI.Environment.CumulativeReward.mean": {
            "value": -11.437499965385845,
            "min": -15.805263246622001,
            "max": 10.726785602181085,
            "count": 37
        },
        "MLTestShootingAI.Environment.CumulativeReward.sum": {
            "value": -548.9999983385205,
            "min": -905.1000051274896,
            "max": 600.6999937221408,
            "count": 37
        },
        "MLTestShootingAI.Policy.ExtrinsicReward.mean": {
            "value": -11.437499965385845,
            "min": -15.805263246622001,
            "max": 10.726785602181085,
            "count": 37
        },
        "MLTestShootingAI.Policy.ExtrinsicReward.sum": {
            "value": -548.9999983385205,
            "min": -905.1000051274896,
            "max": 600.6999937221408,
            "count": 37
        },
        "MLTestShootingAI.IsTraining.mean": {
            "value": 1.0,
            "min": 1.0,
            "max": 1.0,
            "count": 37
        },
        "MLTestShootingAI.IsTraining.sum": {
            "value": 1.0,
            "min": 1.0,
            "max": 1.0,
            "count": 37
        },
        "MLTestShootingAI2.Policy.Entropy.mean": {
            "value": 4.2698445320129395,
            "min": 4.182518005371094,
            "max": 4.2698445320129395,
            "count": 37
        },
        "MLTestShootingAI2.Policy.Entropy.sum": {
            "value": 213492.21875,
            "min": 209365.34375,
            "max": 213784.296875,
            "count": 37
        },
        "MLTestShootingAI2.Step.mean": {
            "value": 2349988.0,
            "min": 549948.0,
            "max": 2349988.0,
            "count": 37
        },
        "MLTestShootingAI2.Step.sum": {
            "value": 2349988.0,
            "min": 549948.0,
            "max": 2349988.0,
            "count": 37
        },
        "MLTestShootingAI2.Policy.ExtrinsicValueEstimate.mean": {
            "value": -0.42720723152160645,
            "min": -2.3714795112609863,
            "max": -0.42720723152160645,
            "count": 37
        },
        "MLTestShootingAI2.Policy.ExtrinsicValueEstimate.sum": {
            "value": -342.1929931640625,
            "min": -1918.52685546875,
            "max": -342.1929931640625,
            "count": 37
        },
        "MLTestShootingAI2.Environment.EpisodeLength.mean": {
            "value": 946.7708333333334,
            "min": 823.78,
            "max": 983.6842105263158,
            "count": 37
        },
        "MLTestShootingAI2.Environment.EpisodeLength.sum": {
            "value": 45445.0,
            "min": 41189.0,
            "max": 56070.0,
            "count": 37
        },
        "MLTestShootingAI2.Environment.CumulativeReward.mean": {
            "value": -3.4916666209076843,
            "min": -26.132142948119768,
            "max": 1.2175437810651042,
            "count": 37
        },
        "MLTestShootingAI2.Environment.CumulativeReward.sum": {
            "value": -167.59999780356884,
            "min": -1463.400005094707,
            "max": 69.39999552071095,
            "count": 37
        },
        "MLTestShootingAI2.Policy.ExtrinsicReward.mean": {
            "value": -3.4916666209076843,
            "min": -26.132142948119768,
            "max": 1.2175437810651042,
            "count": 37
        },
        "MLTestShootingAI2.Policy.ExtrinsicReward.sum": {
            "value": -167.59999780356884,
            "min": -1463.400005094707,
            "max": 69.39999552071095,
            "count": 37
        },
        "MLTestShootingAI2.IsTraining.mean": {
            "value": 1.0,
            "min": 1.0,
            "max": 1.0,
            "count": 37
        },
        "MLTestShootingAI2.IsTraining.sum": {
            "value": 1.0,
            "min": 1.0,
            "max": 1.0,
            "count": 37
        },
        "MLTestShootingAI.Losses.PolicyLoss.mean": {
            "value": 0.006749998034986978,
            "min": 0.006051753948365028,
            "max": 0.008761048724409193,
            "count": 18
        },
        "MLTestShootingAI.Losses.PolicyLoss.sum": {
            "value": 0.006749998034986978,
            "min": 0.006051753948365028,
            "max": 0.008761048724409193,
            "count": 18
        },
        "MLTestShootingAI.Losses.ValueLoss.mean": {
            "value": 3.65776428381602,
            "min": 3.65776428381602,
            "max": 30.72425142923991,
            "count": 18
        },
        "MLTestShootingAI.Losses.ValueLoss.sum": {
            "value": 3.65776428381602,
            "min": 3.65776428381602,
            "max": 30.72425142923991,
            "count": 18
        },
        "MLTestShootingAI.Policy.LearningRate.mean": {
            "value": 0.00025312329562557335,
            "min": 0.00025312329562557335,
            "max": 0.00028795156401614666,
            "count": 18
        },
        "MLTestShootingAI.Policy.LearningRate.sum": {
            "value": 0.00025312329562557335,
            "min": 0.00025312329562557335,
            "max": 0.00028795156401614666,
            "count": 18
        },
        "MLTestShootingAI.Policy.Epsilon.mean": {
            "value": 0.18437442666666662,
            "min": 0.18437442666666662,
            "max": 0.19598385333333326,
            "count": 18
        },
        "MLTestShootingAI.Policy.Epsilon.sum": {
            "value": 0.18437442666666662,
            "min": 0.18437442666666662,
            "max": 0.19598385333333326,
            "count": 18
        },
        "MLTestShootingAI.Policy.Beta.mean": {
            "value": 0.004220283890666668,
            "min": 0.004220283890666668,
            "max": 0.004799594281333334,
            "count": 18
        },
        "MLTestShootingAI.Policy.Beta.sum": {
            "value": 0.004220283890666668,
            "min": 0.004220283890666668,
            "max": 0.004799594281333334,
            "count": 18
        },
        "MLTestShootingAI2.Losses.PolicyLoss.mean": {
            "value": 0.0073643718399883555,
            "min": 0.005977747564126427,
            "max": 0.00947485199236932,
            "count": 18
        },
        "MLTestShootingAI2.Losses.PolicyLoss.sum": {
            "value": 0.0073643718399883555,
            "min": 0.005977747564126427,
            "max": 0.00947485199236932,
            "count": 18
        },