{
    "name": "root",
    "metadata": {
        "timer_format_version": "0.1.0",
        "start_time_seconds": "1638278673",
        "python_version": "3.8.8 (default, Apr 13 2021, 15:08:03) [MSC v.1916 64 bit (AMD64)]",
        "command_line_arguments": "C:\\Users\\67160\\Documents\\GitHub\\Demo\\venv\\Scripts\\mlagents-learn --force",
        "mlagents_version": "0.27.0",
        "mlagents_envs_version": "0.27.0",
        "communication_protocol_version": "1.5.0",
        "pytorch_version": "1.7.0+cu110",
        "numpy_version": "1.21.4",
        "end_time_seconds": "1638278709"
    },
    "total": 36.7712342,
    "count": 1,
    "self": 0.003613099999995484,
    "children": {
        "run_training.setup": {
            "total": 0.019276300000000024,
            "count": 1,
            "self": 0.019276300000000024
        },
        "TrainerController.start_learning": {
            "total": 36.748344800000005,
            "count": 1,
            "self": 0.0388303999999593,
            "children": {
                "TrainerController._reset_env": {
                    "total": 5.1811151,
                    "count": 1,
                    "self": 5.1811151
                },
                "TrainerController.advance": {
                    "total": 31.443532000000047,
                    "count": 3590,
                    "self": 0.03777350000011026,
                    "children": {
                        "env_step": {
                            "total": 30.935978499999898,
                            "count": 3590,
                            "self": 12.695966499999997,
                            "children": {
                                "SubprocessEnvManager._take_step": {
                                    "total": 18.21466150000002,
                                    "count": 3590,
                                    "self": 0.2122041000001751,
                                    "children": {
                                        "TorchPolicy.evaluate": {
                                            "total": 18.002457399999845,
                                            "count": 7002,
                                            "self": 4.528925399999764,
                                            "children": {
                                                "TorchPolicy.sample_actions": {
                                                    "total": 13.47353200000008,
                                                    "count": 7002,
                                                    "self": 13.47353200000008
                                                }
                                            }
                                        }
                                    }
                                },
                                "workers": {
                                    "total": 0.02535049999987926,
                                    "count": 3589,
                                    "self": 0.0,
                                    "children": {
                                        "worker_root": {
                                            "total": 32.146171600000116,
                                            "count": 3589,
                                            "is_parallel": true,
                                            "self": 21.56002330000033,
                                            "children": {
                                                "steps_from_proto": {
                                                    "total": 0.0004989999999995831,
                                                    "count": 2,
                                                    "is_parallel": true,
                                                    "self": 0.00025699999999861944,
                                                    "children": {
                                                        "_process_rank_one_or_two_observation": {
                                                            "total": 0.00024200000000096367,
                                                            "count": 8,
                                                            "is_parallel": true,
                                                            "self": 0.00024200000000096367
                                                        }
                                                    }
                                                },
                                                "UnityEnvironment.step": {
                                                    "total": 10.585649299999787,
                                                    "count": 3589,
                                                    "is_parallel": true,
                                                    "self": 0.2504454999997119,
                                                    "children": {
                                                        "UnityEnvironment._generate_step_input": {
                                                            "total": 0.17041399999989348,
                                                            "count": 3589,
                                                            "is_parallel": true,
                                                            "self": 0.17041399999989348
                                                        },
                                                        "communicator.exchange": {
                                                            "total": 8.918462499999949,
                                                            "count": 3589,
                                                            "is_parallel": true,
                                                            "self": 8.918462499999949
                                                        },
                                                        "steps_from_proto": {
                                                            "total": 1.2463273000002335,
                                                            "count": 7178,
                                                            "is_parallel": true,
                                                            "self": 0.6759452999999551,
                                                            "children": {
                                                                "_process_rank_one_or_two_observation": {
                                                                    "total": 0.5703820000002784,
                                                                    "count": 28712,
                                                                    "is_parallel": true,
                                                                    "self": 0.5703820000002784
                                                                }
                                                            }
                                                        }
                                                    }
                                                }
                                            }
                                        }
                                    }
                                }
                            }
                        },
                        "trainer_advance": {
                            "total": 0.4697800000000383,
                            "count": 3589,
                            "self": 0.04699770000006431,
                            "children": {
                                "process_trajectory": {
                                    "total": 0.42278229999997397,
                                    "count": 3589,
                                    "self": 0.42278229999997397
                                }
                            }
                        }
                    }
                },