{
    "name": "root",
    "gauges": {
        "MLTestSubject.Policy.Entropy.mean": {
            "value": 1.4068893194198608,
            "min": 1.4068893194198608,
            "max": 1.4239799976348877,
            "count": 3
        },
        "MLTestSubject.Policy.Entropy.sum": {
            "value": 70098.2578125,
            "min": 70098.2578125,
            "max": 72134.5859375,
            "count": 3
        },
        "MLTestSubject.Step.mean": {
            "value": 149994.0,
            "min": 49998.0,
            "max": 149994.0,
            "count": 3
        },
        "MLTestSubject.Step.sum": {
            "value": 149994.0,
            "min": 49998.0,
            "max": 149994.0,
            "count": 3
        },
        "MLTestSubject.Policy.ExtrinsicValueEstimate.mean": {
            "value": 0.9043834805488586,
            "min": 0.2655624747276306,
            "max": 0.9043834805488586,
            "count": 3
        },
        "MLTestSubject.Policy.ExtrinsicValueEstimate.sum": {
            "value": 2760.178466796875,
            "min": 259.98565673828125,
            "max": 2760.178466796875,
            "count": 3
        },
        "MLTestSubject.Environment.EpisodeLength.mean": {
            "value": 15.411880538234328,
            "min": 15.411880538234328,
            "max": 183.8377358490566,
            "count": 3
        },
        "MLTestSubject.Environment.EpisodeLength.sum": {
            "value": 46960.0,
            "min": 46960.0,
            "max": 49780.0,
            "count": 3
        },
        "MLTestSubject.Environment.CumulativeReward.mean": {
            "value": 0.9954053167049557,
            "min": -0.11742424242424243,
            "max": 0.9954053167049557,
            "count": 3
        },
        "MLTestSubject.Environment.CumulativeReward.sum": {
            "value": 3033.0,
            "min": -31.0,
            "max": 3033.0,
            "count": 3
        },
        "MLTestSubject.Policy.ExtrinsicReward.mean": {
            "value": 0.9954053167049557,
            "min": -0.11742424242424243,
            "max": 0.9954053167049557,
            "count": 3
        },
        "MLTestSubject.Policy.ExtrinsicReward.sum": {
            "value": 3033.0,
            "min": -31.0,
            "max": 3033.0,
            "count": 3
        },
        "MLTestSubject.Losses.PolicyLoss.mean": {
            "value": 0.02504469176599135,
            "min": 0.023835079493283323,
            "max": 0.02504469176599135,
            "count": 3
        },
        "MLTestSubject.Losses.PolicyLoss.sum": {
            "value": 0.12522345882995675,
            "min": 0.09534031797313329,
            "max": 0.12522345882995675,
            "count": 3
        },
        "MLTestSubject.Losses.ValueLoss.mean": {
            "value": 0.004697788334063565,
            "min": 0.004697788334063565,
            "max": 0.0115166964736118,
            "count": 3
        },
        "MLTestSubject.Losses.ValueLoss.sum": {
            "value": 0.02348894167031782,
            "min": 0.02348894167031782,
            "max": 0.04698879635737588,
            "count": 3
        },
        "MLTestSubject.Policy.LearningRate.mean": {
            "value": 0.00022532354489216002,
            "min": 0.00022532354489216002,
            "max": 0.00028381680539440004,
            "count": 3
        },
        "MLTestSubject.Policy.LearningRate.sum": {
            "value": 0.0011266177244608,
            "min": 0.0011266177244608,
            "max": 0.0012804576731808002,
            "count": 3
        },
        "MLTestSubject.Policy.Epsilon.mean": {
            "value": 0.17510783999999996,
            "min": 0.17510783999999996,
            "max": 0.19460560000000002,
            "count": 3
        },
        "MLTestSubject.Policy.Epsilon.sum": {
            "value": 0.8755391999999999,
            "min": 0.7784224000000001,
            "max": 0.9268192000000002,
            "count": 3
        },
        "MLTestSubject.Policy.Beta.mean": {
            "value": 0.0037578812160000002,
            "min": 0.0037578812160000002,
            "max": 0.004730819439999999,
            "count": 3
        },
        "MLTestSubject.Policy.Beta.sum": {
            "value": 0.01878940608,
            "min": 0.01878940608,
            "max": 0.02134827808,
            "count": 3
        },
        "MLTestSubject.IsTraining.mean": {
            "value": 1.0,
            "min": 1.0,
            "max": 1.0,
            "count": 3
        },
        "MLTestSubject.IsTraining.sum": {
            "value": 1.0,
            "min": 1.0,
            "max": 1.0,
            "count": 3
        }
    },
    "metadata": {
        "timer_format_version": "0.1.0",
        "start_time_seconds": "1638199645",
        "python_version": "3.8.8 (default, Apr 13 2021, 15:08:03) [MSC v.1916 64 bit (AMD64)]",
        "command_line_arguments": "C:\\Users\\67160\\Documents\\GitHub\\Demo\\venv\\Scripts\\mlagents-learn --run-id=Test5",
        "mlagents_version": "0.27.0",
        "mlagents_envs_version": "0.27.0",
        "communication_protocol_version": "1.5.0",
        "pytorch_version": "1.7.0+cu110",
        "numpy_version": "1.21.4",
        "end_time_seconds": "1638199712"
    },
    "total": 66.86718970000001,
    "count": 1,
    "self": 0.003950700000018514,
    "children": {
        "run_training.setup": {
            "total": 0.018974099999999994,
            "count": 1,
            "self": 0.018974099999999994
        },
        "TrainerController.start_learning": {
            "total": 66.8442649,
            "count": 1,
            "self": 0.10582659999991506,
            "children": {
                "TrainerController._reset_env": {
                    "total": 5.3024763,
                    "count": 1,
                    "self": 5.3024763
                },
                "TrainerController.advance": {
                    "total": 61.3766564000001,
                    "count": 10337,
                    "self": 0.10182900000090456,
                    "children": {
                        "env_step": {
                            "total": 34.08985399999947,
                            "count": 10337,
                            "self": 27.85220759999925,
                            "children": {
                                "SubprocessEnvManager._take_step": {
                                    "total": 6.16873100000034,
                                    "count": 10337,
                                    "self": 0.2634380000003027,
                                    "children": {
                                        "TorchPolicy.evaluate": {
                                            "total": 5.905293000000038,
                                            "count": 6534,
                                            "self": 2.174741199999769,
                                            "children": {
                                                "TorchPolicy.sample_actions": {
                                                    "total": 3.730551800000269,
                                                    "count": 6534,
                                                    "self": 3.730551800000269
                                                }
                                            }
                                        }
                                    }
                                },
                                "workers": {
                                    "total": 0.06891539999987817,
                                    "count": 10336,
                                    "self": 0.0,
                                    "children": {
                                        "worker_root": {
                                            "total": 62.09228170000029,
                                            "count": 10336,
                                            "is_parallel": true,