{
    "name": "root",
    "gauges": {
        "MLTestSubject.Policy.Entropy.mean": {
            "value": 1.3929293155670166,
            "min": 1.3929293155670166,
            "max": 1.420217514038086,
            "count": 4
        },
        "MLTestSubject.Policy.Entropy.sum": {
            "value": 69472.3515625,
            "min": 69472.3515625,
            "max": 72076.0390625,
            "count": 4
        },
        "MLTestSubject.Step.mean": {
            "value": 199992.0,
            "min": 49959.0,
            "max": 199992.0,
            "count": 4
        },
        "MLTestSubject.Step.sum": {
            "value": 199992.0,
            "min": 49959.0,
            "max": 199992.0,
            "count": 4
        },
        "MLTestSubject.Policy.ExtrinsicValueEstimate.mean": {
            "value": 0.9417694807052612,
            "min": 0.22131003439426422,
            "max": 0.9417694807052612,
            "count": 4
        },
        "MLTestSubject.Policy.ExtrinsicValueEstimate.sum": {
            "value": 4299.177734375,
            "min": 217.76907348632812,
            "max": 4299.177734375,
            "count": 4
        },
        "MLTestSubject.Environment.EpisodeLength.mean": {
            "value": 9.981371904448828,
            "min": 9.981371904448828,
            "max": 182.63117870722434,
            "count": 4
        },
        "MLTestSubject.Environment.EpisodeLength.sum": {
            "value": 45545.0,
            "min": 45545.0,
            "max": 50347.0,
            "count": 4
        },
        "MLTestSubject.Environment.CumulativeReward.mean": {
            "value": 0.9997808939526731,
            "min": -0.10646387832699619,
            "max": 0.9997808939526731,
            "count": 4
        },
        "MLTestSubject.Environment.CumulativeReward.sum": {
            "value": 4563.0,
            "min": -28.0,
            "max": 4563.0,
            "count": 4
        },
        "MLTestSubject.Policy.ExtrinsicReward.mean": {
            "value": 0.9997808939526731,
            "min": -0.10646387832699619,
            "max": 0.9997808939526731,
            "count": 4
        },
        "MLTestSubject.Policy.ExtrinsicReward.sum": {
            "value": 4563.0,
            "min": -28.0,
            "max": 4563.0,
            "count": 4
        },
        "MLTestSubject.Losses.PolicyLoss.mean": {
            "value": 0.027592369869040945,
            "min": 0.021775387733553846,
            "max": 0.027592369869040945,
            "count": 4
        },
        "MLTestSubject.Losses.PolicyLoss.sum": {
            "value": 0.13796184934520472,
            "min": 0.10206661384524496,
            "max": 0.13796184934520472,
            "count": 4
        },
        "MLTestSubject.Losses.ValueLoss.mean": {
            "value": 0.000594681236834731,
            "min": 0.000594681236834731,
            "max": 0.022112111226570877,
            "count": 4
        },
        "MLTestSubject.Losses.ValueLoss.sum": {
            "value": 0.0029734061841736547,
            "min": 0.0029734061841736547,
            "max": 0.09762331262851755,
            "count": 4
        },
        "MLTestSubject.Policy.LearningRate.mean": {
            "value": 0.00019451655516115998,
            "min": 0.00019451655516115998,
            "max": 0.00028380465539845,
            "count": 4
        },
        "MLTestSubject.Policy.LearningRate.sum": {
            "value": 0.0009725827758058,
            "min": 0.0009725827758058,
            "max": 0.001280265073245,
            "count": 4
        },
        "MLTestSubject.Policy.Epsilon.mean": {
            "value": 0.16483884000000004,
            "min": 0.16483884000000004,
            "max": 0.19460155,
            "count": 4
        },
        "MLTestSubject.Policy.Epsilon.sum": {
            "value": 0.8241942000000002,
            "min": 0.7784062,
            "max": 0.926755,
            "count": 4
        },
        "MLTestSubject.Policy.Beta.mean": {
            "value": 0.003245458116,
            "min": 0.003245458116,
            "max": 0.004730617345,
            "count": 4
        },
        "MLTestSubject.Policy.Beta.sum": {
            "value": 0.01622729058,
            "min": 0.01622729058,
            "max": 0.0213450745,
            "count": 4
        },
        "MLTestSubject.IsTraining.mean": {
            "value": 1.0,
            "min": 1.0,
            "max": 1.0,
            "count": 4
        },
        "MLTestSubject.IsTraining.sum": {
            "value": 1.0,
            "min": 1.0,
            "max": 1.0,
            "count": 4
        }
    },
    "metadata": {
        "timer_format_version": "0.1.0",
        "start_time_seconds": "1638200220",
        "python_version": "3.8.8 (default, Apr 13 2021, 15:08:03) [MSC v.1916 64 bit (AMD64)]",
        "command_line_arguments": "C:\\Users\\67160\\Documents\\GitHub\\Demo\\venv\\Scripts\\mlagents-learn --run-id=Final",
        "mlagents_version": "0.27.0",
        "mlagents_envs_version": "0.27.0",
        "communication_protocol_version": "1.5.0",
        "pytorch_version": "1.7.0+cu110",
        "numpy_version": "1.21.4",
        "end_time_seconds": "1638200314"
    },
    "total": 94.4748896,
    "count": 1,
    "self": 0.00422550000000399,
    "children": {
        "run_training.setup": {
            "total": 0.02995559999999997,
            "count": 1,
            "self": 0.02995559999999997
        },
        "TrainerController.start_learning": {
            "total": 94.4407085,
            "count": 1,
            "self": 0.15992529999994076,
            "children": {
                "TrainerController._reset_env": {
                    "total": 6.682744899999999,
                    "count": 1,
                    "self": 6.682744899999999
                },
                "TrainerController.advance": {
                    "total": 87.54801560000006,
                    "count": 14904,
                    "self": 0.1501264999994163,
                    "children": {
                        "env_step": {
                            "total": 46.755692300000504,
                            "count": 14904,
                            "self": 37.87477650000224,
                            "children": {
                                "SubprocessEnvManager._take_step": {
                                    "total": 8.777963999999423,
                                    "count": 14904,
                                    "self": 0.3642092999995885,
                                    "children": {
                                        "TorchPolicy.evaluate": {
                                            "total": 8.413754699999835,
                                            "count": 8357,
                                            "self": 3.4898947000005585,
                                            "children": {
                                                "TorchPolicy.sample_actions": {
                                                    "total": 4.9238599999992765,
                                                    "count": 8357,
                                                    "self": 4.9238599999992765
                                                }
                                            }
                                        }
                                    }
                                },
                                "workers": {
                                    "total": 0.10295179999883786,
                                    "count": 14903,
                                    "self": 0.0,
                                    "children": {
                                        "worker_root": {
                                            "total": 88.26467890000072,
                                            "count": 14903,
                                            "is_parallel": true,
                                            "self": 60.08033420000055,