{
    "name": "root",
    "gauges": {
        "MLTestSubject.Policy.Entropy.mean": {
            "value": 1.3961490392684937,
            "min": 1.3961490392684937,
            "max": 1.4213244915008545,
            "count": 5
        },
        "MLTestSubject.Policy.Entropy.sum": {
            "value": 69807.453125,
            "min": 69807.453125,
            "max": 71990.0859375,
            "count": 5
        },
        "MLTestSubject.Step.mean": {
            "value": 249972.0,
            "min": 49973.0,
            "max": 249972.0,
            "count": 5
        },
        "MLTestSubject.Step.sum": {
            "value": 249972.0,
            "min": 49973.0,
            "max": 249972.0,
            "count": 5
        },
        "MLTestSubject.Policy.ExtrinsicValueEstimate.mean": {
            "value": 0.25423145294189453,
            "min": 0.25423145294189453,
            "max": 1.5368902683258057,
            "count": 5
        },
        "MLTestSubject.Policy.ExtrinsicValueEstimate.sum": {
            "value": 254.2314453125,
            "min": 254.2314453125,
            "max": 1533.8165283203125,
            "count": 5
        },
        "MLTestSubject.Environment.EpisodeLength.mean": {
            "value": 199.0,
            "min": 169.6280701754386,
            "max": 199.0,
            "count": 5
        },
        "MLTestSubject.Environment.EpisodeLength.sum": {
            "value": 49750.0,
            "min": 48344.0,
            "max": 49836.0,
            "count": 5
        },
        "MLTestSubject.Environment.CumulativeReward.mean": {
            "value": 0.0,
            "min": -0.543859649122807,
            "max": 0.0,
            "count": 5
        },
        "MLTestSubject.Environment.CumulativeReward.sum": {
            "value": 0.0,
            "min": -155.0,
            "max": 0.0,
            "count": 5
        },
        "MLTestSubject.Policy.ExtrinsicReward.mean": {
            "value": 0.0,
            "min": -0.543859649122807,
            "max": 0.0,
            "count": 5
        },
        "MLTestSubject.Policy.ExtrinsicReward.sum": {
            "value": 0.0,
            "min": -155.0,
            "max": 0.0,
            "count": 5
        },
        "MLTestSubject.Losses.PolicyLoss.mean": {
            "value": 0.023792666788212957,
            "min": 0.022246116393556198,
            "max": 0.02601836361611883,
            "count": 5
        },
        "MLTestSubject.Losses.PolicyLoss.sum": {
            "value": 0.11896333394106479,
            "min": 0.09689488384562234,
            "max": 0.13009181808059414,
            "count": 5
        },
        "MLTestSubject.Losses.ValueLoss.mean": {
            "value": 0.0003730301813144858,
            "min": 0.0003730301813144858,
            "max": 0.06742196502164005,
            "count": 5
        },
        "MLTestSubject.Losses.ValueLoss.sum": {
            "value": 0.0018651509065724288,
            "min": 0.0018651509065724288,
            "max": 0.2696878600865602,
            "count": 5
        },
        "MLTestSubject.Policy.LearningRate.mean": {
            "value": 0.00016420756526416,
            "min": 0.00016420756526416,
            "max": 0.00028459575513475,
            "count": 5
        },
        "MLTestSubject.Policy.LearningRate.sum": {
            "value": 0.0008210378263208,
            "min": 0.0008210378263208,
            "max": 0.001284075071975,
            "count": 5
        },
        "MLTestSubject.Policy.Epsilon.mean": {
            "value": 0.15473583999999999,
            "min": 0.15473583999999999,
            "max": 0.19486525000000002,
            "count": 5
        },
        "MLTestSubject.Policy.Epsilon.sum": {
            "value": 0.7736791999999999,
            "min": 0.7736791999999999,
            "max": 0.9280250000000001,
            "count": 5
        },
        "MLTestSubject.Policy.Beta.mean": {
            "value": 0.002741318416,
            "min": 0.002741318416,
            "max": 0.0047437759749999996,
            "count": 5
        },
        "MLTestSubject.Policy.Beta.sum": {
            "value": 0.01370659208,
            "min": 0.01370659208,
            "max": 0.021408447499999997,
            "count": 5
        },
        "MLTestSubject.IsTraining.mean": {
            "value": 1.0,
            "min": 1.0,
            "max": 1.0,
            "count": 5
        },
        "MLTestSubject.IsTraining.sum": {
            "value": 1.0,
            "min": 1.0,
            "max": 1.0,
            "count": 5
        }
    },
    "metadata": {
        "timer_format_version": "0.1.0",
        "start_time_seconds": "1638199739",
        "python_version": "3.8.8 (default, Apr 13 2021, 15:08:03) [MSC v.1916 64 bit (AMD64)]",
        "command_line_arguments": "C:\\Users\\67160\\Documents\\GitHub\\Demo\\venv\\Scripts\\mlagents-learn --run-id=Test6",
        "mlagents_version": "0.27.0",
        "mlagents_envs_version": "0.27.0",
        "communication_protocol_version": "1.5.0",
        "pytorch_version": "1.7.0+cu110",
        "numpy_version": "1.21.4",
        "end_time_seconds": "1638199835"
    },
    "total": 96.8343326,
    "count": 1,
    "self": 0.0039153000000027305,
    "children": {
        "run_training.setup": {
            "total": 0.019593299999999925,
            "count": 1,
            "self": 0.019593299999999925
        },
        "TrainerController.start_learning": {
            "total": 96.810824,
            "count": 1,
            "self": 0.12115310000012869,
            "children": {
                "TrainerController._reset_env": {
                    "total": 5.0793717,
                    "count": 1,
                    "self": 5.0793717
                },
                "TrainerController.advance": {
                    "total": 91.55036539999988,
                    "count": 11407,
                    "self": 0.12084750000001065,
                    "children": {
                        "env_step": {
                            "total": 50.32241029999999,
                            "count": 11407,
                            "self": 39.4498389000005,
                            "children": {
                                "SubprocessEnvManager._take_step": {
                                    "total": 10.791209999999825,
                                    "count": 11407,
                                    "self": 0.43846139999998,
                                    "children": {
                                        "TorchPolicy.evaluate": {
                                            "total": 10.352748599999845,
                                            "count": 10567,
                                            "self": 4.295915300000421,
                                            "children": {
                                                "TorchPolicy.sample_actions": {
                                                    "total": 6.0568332999994245,
                                                    "count": 10567,
                                                    "self": 6.0568332999994245
                                                }
                                            }
                                        }
                                    }
                                },
                                "workers": {
                                    "total": 0.08136139999966474,
                                    "count": 11406,
                                    "self": 0.0,
                                    "children": {
                                        "worker_root": {
                                            "total": 92.23774089999904,
                                            "count": 11406,
                                            "is_parallel": true,
                                            "self": 62.15208819999939,