{
    "name": "root",
    "gauges": {
        "MLTestShootingAI2.Policy.Entropy.mean": {
            "value": 3.475677251815796,
            "min": 3.475677251815796,
            "max": 4.256885528564453,
            "count": 10
        },
        "MLTestShootingAI2.Policy.Entropy.sum": {
            "value": 174339.96875,
            "min": 174339.96875,
            "max": 214717.296875,
            "count": 10
        },
        "MLTestShootingAI2.Environment.EpisodeLength.mean": {
            "value": 148.8865671641791,
            "min": 26.206349206349206,
            "max": 169.4536082474227,
            "count": 10
        },
        "MLTestShootingAI2.Environment.EpisodeLength.sum": {
            "value": 49877.0,
            "min": 47879.0,
            "max": 50666.0,
            "count": 10
        },
        "MLTestShootingAI2.Step.mean": {
            "value": 499956.0,
            "min": 49984.0,
            "max": 499956.0,
            "count": 10
        },
        "MLTestShootingAI2.Step.sum": {
            "value": 499956.0,
            "min": 49984.0,
            "max": 499956.0,
            "count": 10
        },
        "MLTestShootingAI2.Policy.ExtrinsicValueEstimate.mean": {
            "value": -0.3294183611869812,
            "min": -0.4994014799594879,
            "max": -0.3294183611869812,
            "count": 10
        },
        "MLTestShootingAI2.Policy.ExtrinsicValueEstimate.sum": {
            "value": -308.9944152832031,
            "min": -733.4310302734375,
            "max": -308.9944152832031,
            "count": 10
        },
        "MLTestShootingAI2.Environment.CumulativeReward.mean": {
            "value": -0.7113095238095238,
            "min": -0.8161290322580645,
            "max": -0.7113095238095238,
            "count": 10
        },
        "MLTestShootingAI2.Environment.CumulativeReward.sum": {
            "value": -239.0,
            "min": -1433.0,
            "max": -209.0,
            "count": 10
        },
        "MLTestShootingAI2.Policy.ExtrinsicReward.mean": {
            "value": -0.7113095238095238,
            "min": -0.8161290322580645,
            "max": -0.7113095238095238,
            "count": 10
        },
        "MLTestShootingAI2.Policy.ExtrinsicReward.sum": {
            "value": -239.0,
            "min": -1433.0,
            "max": -209.0,
            "count": 10
        },
        "MLTestShootingAI2.Losses.PolicyLoss.mean": {
            "value": 0.022998470852811197,
            "min": 0.022167013568044545,
            "max": 0.026046966316644105,
            "count": 10
        },
        "MLTestShootingAI2.Losses.PolicyLoss.sum": {
            "value": 0.11499235426405599,
            "min": 0.09720971590140834,
            "max": 0.13023483158322052,
            "count": 10
        },
        "MLTestShootingAI2.Losses.ValueLoss.mean": {
            "value": 0.030363196146984895,
            "min": 0.02657302397613724,
            "max": 0.12637717022250095,
            "count": 10
        },
        "MLTestShootingAI2.Losses.ValueLoss.sum": {
            "value": 0.15181598073492447,
            "min": 0.10629209590454897,
            "max": 0.5055086808900038,
            "count": 10
        },
        "MLTestShootingAI2.Policy.LearningRate.mean": {
            "value": 1.6574494475200004e-05,
            "min": 1.6574494475200004e-05,
            "max": 0.0002846208051264,
            "count": 10
        },
        "MLTestShootingAI2.Policy.LearningRate.sum": {
            "value": 8.287247237600003e-05,
            "min": 8.287247237600003e-05,
            "max": 0.0012846390717869997,
            "count": 10
        },
        "MLTestShootingAI2.Policy.Epsilon.mean": {
            "value": 0.10552480000000002,
            "min": 0.10552480000000002,
            "max": 0.19487359999999998,
            "count": 10
        },
        "MLTestShootingAI2.Policy.Epsilon.sum": {
            "value": 0.5276240000000001,
            "min": 0.5002485999999999,
            "max": 0.9282130000000002,
            "count": 10
        },
        "MLTestShootingAI2.Policy.Beta.mean": {
            "value": 0.00028568752000000005,
            "min": 0.00028568752000000005,
            "max": 0.00474419264,
            "count": 10
        },
        "MLTestShootingAI2.Policy.Beta.sum": {
            "value": 0.0014284376000000003,
            "min": 0.0014284376000000003,
            "max": 0.0214178287,
            "count": 10
        },
        "MLTestShootingAI2.IsTraining.mean": {
            "value": 1.0,
            "min": 1.0,
            "max": 1.0,
            "count": 10
        },
        "MLTestShootingAI2.IsTraining.sum": {
            "value": 1.0,
            "min": 1.0,
            "max": 1.0,
            "count": 10
        },
        "MLTestShootingAI.Policy.Entropy.mean": {
            "value": 4.148545265197754,
            "min": 4.148545265197754,
            "max": 4.30546236038208,
            "count": 10
        },
        "MLTestShootingAI.Policy.Entropy.sum": {
            "value": 208091.03125,
            "min": 207959.890625,
            "max": 217167.53125,
            "count": 10
        },
        "MLTestShootingAI.Environment.EpisodeLength.mean": {
            "value": 148.8865671641791,
            "min": 26.206349206349206,
            "max": 169.4536082474227,
            "count": 10
        },
        "MLTestShootingAI.Environment.EpisodeLength.sum": {
            "value": 49877.0,
            "min": 47879.0,
            "max": 50666.0,
            "count": 10
        },
        "MLTestShootingAI.Step.mean": {
            "value": 499956.0,
            "min": 49984.0,
            "max": 499956.0,
            "count": 10
        },
        "MLTestShootingAI.Step.sum": {
            "value": 499956.0,
            "min": 49984.0,
            "max": 499956.0,
            "count": 10
        },
        "MLTestShootingAI.Policy.ExtrinsicValueEstimate.mean": {
            "value": 0.24758048355579376,
            "min": 0.24758048355579376,
            "max": 0.3962196111679077,
            "count": 10
        },
        "MLTestShootingAI.Policy.ExtrinsicValueEstimate.sum": {
            "value": 232.23049926757812,
            "min": 231.3534698486328,
            "max": 586.937744140625,
            "count": 10
        },
        "MLTestShootingAI.Environment.CumulativeReward.mean": {
            "value": 0.5297619047619048,
            "min": 0.5075987841945289,
            "max": 0.7048387096774194,
            "count": 10
        },
        "MLTestShootingAI.Environment.CumulativeReward.sum": {
            "value": 178.0,
            "min": 162.0,
            "max": 1224.0,
            "count": 10
        },
        "MLTestShootingAI.Policy.ExtrinsicReward.mean": {
            "value": 0.5297619047619048,
            "min": 0.5075987841945289,
            "max": 0.7048387096774194,
            "count": 10
        },
        "MLTestShootingAI.Policy.ExtrinsicReward.sum": {
            "value": 178.0,
            "min": 162.0,
            "max": 1224.0,
            "count": 10
        },
        "MLTestShootingAI.Losses.PolicyLoss.mean": {
            "value": 0.025880430960193435,
            "min": 0.021804068140530337,
            "max": 0.027313622944711822,
            "count": 10
        },
        "MLTestShootingAI.Losses.PolicyLoss.sum": {
            "value": 0.12940215480096717,
            "min": 0.08721627256212135,
            "max": 0.1302246647634699,
            "count": 10
        },
        "MLTestShootingAI.Losses.ValueLoss.mean": {
            "value": 0.03142378218472004,
            "min": 0.02866991028189659,
            "max": 0.166100803638498,
            "count": 10
        },
        "MLTestShootingAI.Losses.ValueLoss.sum": {
            "value": 0.1571189109236002,
            "min": 0.12213204422344763,
            "max": 0.664403214553992,
            "count": 10
        },