{
    "name": "root",
    "gauges": {
        "MLTestShootingAI2.Policy.Entropy.mean": {
            "value": 4.194332122802734,
            "min": 4.194332122802734,
            "max": 4.292216777801514,
            "count": 10
        },
        "MLTestShootingAI2.Policy.Entropy.sum": {
            "value": 209297.171875,
            "min": 209297.171875,
            "max": 216585.265625,
            "count": 10
        },
        "MLTestShootingAI2.Step.mean": {
            "value": 499969.0,
            "min": 49978.0,
            "max": 499969.0,
            "count": 10
        },
        "MLTestShootingAI2.Step.sum": {
            "value": 499969.0,
            "min": 49978.0,
            "max": 499969.0,
            "count": 10
        },
        "MLTestShootingAI2.Policy.ExtrinsicValueEstimate.mean": {
            "value": -0.027207156643271446,
            "min": -0.027207156643271446,
            "max": 0.16183032095432281,
            "count": 10
        },
        "MLTestShootingAI2.Policy.ExtrinsicValueEstimate.sum": {
            "value": -21.575275421142578,
            "min": -21.575275421142578,
            "max": 138.20309448242188,
            "count": 10
        },
        "MLTestShootingAI2.Environment.EpisodeLength.mean": {
            "value": 2209.4545454545455,
            "min": 307.79194630872485,
            "max": 3333.3076923076924,
            "count": 10
        },
        "MLTestShootingAI2.Environment.EpisodeLength.sum": {
            "value": 48608.0,
            "min": 22301.0,
            "max": 63480.0,
            "count": 10
        },
        "MLTestShootingAI2.Environment.CumulativeReward.mean": {
            "value": -0.6818181818181818,
            "min": -0.85,
            "max": 0.30434782608695654,
            "count": 10
        },
        "MLTestShootingAI2.Environment.CumulativeReward.sum": {
            "value": -15.0,
            "min": -30.0,
            "max": 14.0,
            "count": 10
        },
        "MLTestShootingAI2.Policy.ExtrinsicReward.mean": {
            "value": -0.6818181818181818,
            "min": -0.85,
            "max": 0.30434782608695654,
            "count": 10
        },
        "MLTestShootingAI2.Policy.ExtrinsicReward.sum": {
            "value": -15.0,
            "min": -30.0,
            "max": 14.0,
            "count": 10
        },
        "MLTestShootingAI2.Losses.PolicyLoss.mean": {
            "value": 0.02303142308917207,
            "min": 0.02153233129657262,
            "max": 0.025011996011987017,
            "count": 10
        },
        "MLTestShootingAI2.Losses.PolicyLoss.sum": {
            "value": 0.11515711544586035,
            "min": 0.09731472389382058,
            "max": 0.11515711544586035,
            "count": 10
        },
        "MLTestShootingAI2.Losses.ValueLoss.mean": {
            "value": 0.0025775117019657045,
            "min": 0.001811244880324618,
            "max": 0.034790185419842606,
            "count": 10
        },
        "MLTestShootingAI2.Losses.ValueLoss.sum": {
            "value": 0.012887558509828523,
            "min": 0.007244979521298472,
            "max": 0.13916074167937043,
            "count": 10
        },
        "MLTestShootingAI2.Policy.LearningRate.mean": {
            "value": 1.6250614583159993e-05,
            "min": 1.6250614583159993e-05,
            "max": 0.00028459305513565,
            "count": 10
        },
        "MLTestShootingAI2.Policy.LearningRate.sum": {
            "value": 8.125307291579997e-05,
            "min": 8.125307291579997e-05,
            "max": 0.0012842652719116,
            "count": 10
        },
        "MLTestShootingAI2.Policy.Epsilon.mean": {
            "value": 0.10541684000000003,
            "min": 0.10541684000000003,
            "max": 0.19486435000000008,
            "count": 10
        },
        "MLTestShootingAI2.Policy.Epsilon.sum": {
            "value": 0.5270842000000001,
            "min": 0.49980000000000013,
            "max": 0.9280884000000004,
            "count": 10
        },
        "MLTestShootingAI2.Policy.Beta.mean": {
            "value": 0.00028030031599999997,
            "min": 0.00028030031599999997,
            "max": 0.004743731065000001,
            "count": 10
        },
        "MLTestShootingAI2.Policy.Beta.sum": {
            "value": 0.0014015015799999997,
            "min": 0.0014015015799999997,
            "max": 0.021411611160000003,
            "count": 10
        },
        "MLTestShootingAI2.IsTraining.mean": {
            "value": 1.0,
            "min": 1.0,
            "max": 1.0,
            "count": 10
        },
        "MLTestShootingAI2.IsTraining.sum": {
            "value": 1.0,
            "min": 1.0,
            "max": 1.0,
            "count": 10
        },
        "MLTestShootingAI.Policy.Entropy.mean": {
            "value": 4.194876194000244,
            "min": 4.194876194000244,
            "max": 4.310421943664551,
            "count": 10
        },
        "MLTestShootingAI.Policy.Entropy.sum": {
            "value": 209324.3125,
            "min": 209324.3125,
            "max": 217049.453125,
            "count": 10
        },
        "MLTestShootingAI.Step.mean": {
            "value": 499969.0,
            "min": 49978.0,
            "max": 499969.0,
            "count": 10
        },
        "MLTestShootingAI.Step.sum": {
            "value": 499969.0,
            "min": 49978.0,
            "max": 499969.0,
            "count": 10
        },
        "MLTestShootingAI.Policy.ExtrinsicValueEstimate.mean": {
            "value": 0.011494971811771393,
            "min": -0.04717476665973663,
            "max": 0.018660588189959526,
            "count": 10
        },
        "MLTestShootingAI.Policy.ExtrinsicValueEstimate.sum": {
            "value": 9.11551284790039,
            "min": -38.353084564208984,
            "max": 15.936142921447754,
            "count": 10
        },
        "MLTestShootingAI.Environment.EpisodeLength.mean": {
            "value": 2209.4545454545455,
            "min": 307.79194630872485,
            "max": 3333.3076923076924,
            "count": 10
        },
        "MLTestShootingAI.Environment.EpisodeLength.sum": {
            "value": 48608.0,
            "min": 22301.0,
            "max": 63480.0,
            "count": 10
        },
        "MLTestShootingAI.Environment.CumulativeReward.mean": {
            "value": 0.4090909090909091,
            "min": -0.5217391304347826,
            "max": 0.4090909090909091,
            "count": 10
        },
        "MLTestShootingAI.Environment.CumulativeReward.sum": {
            "value": 9.0,
            "min": -35.0,
            "max": 9.0,
            "count": 10
        },
        "MLTestShootingAI.Policy.ExtrinsicReward.mean": {
            "value": 0.4090909090909091,
            "min": -0.5217391304347826,
            "max": 0.4090909090909091,
            "count": 10
        },
        "MLTestShootingAI.Policy.ExtrinsicReward.sum": {
            "value": 9.0,
            "min": -35.0,
            "max": 9.0,
            "count": 10
        },
        "MLTestShootingAI.Losses.PolicyLoss.mean": {
            "value": 0.022835800900890414,
            "min": 0.021548485446085883,
            "max": 0.023975261837573876,
            "count": 10
        },
        "MLTestShootingAI.Losses.PolicyLoss.sum": {
            "value": 0.11417900450445208,
            "min": 0.08619394178434353,
            "max": 0.11987630918786937,
            "count": 10
        },
        "MLTestShootingAI.Losses.ValueLoss.mean": {
            "value": 0.0024136662105835663,
            "min": 0.0014249549533512133,
            "max": 0.029946395149454477,
            "count": 10
        },
        "MLTestShootingAI.Losses.ValueLoss.sum": {
            "value": 0.012068331052917831,
            "min": 0.005699819813404853,
            "max": 0.11978558059781791,
            "count": 10
        },