{
    "name": "root",
    "gauges": {
        "MLTestSubject.Policy.Entropy.mean": {
            "value": 1.4099498987197876,
            "min": 1.4099498987197876,
            "max": 1.4271166324615479,
            "count": 4
        },
        "MLTestSubject.Policy.Entropy.sum": {
            "value": 70497.4921875,
            "min": 70497.4921875,
            "max": 72097.8046875,
            "count": 4
        },
        "MLTestSubject.Step.mean": {
            "value": 199993.0,
            "min": 49938.0,
            "max": 199993.0,
            "count": 4
        },
        "MLTestSubject.Step.sum": {
            "value": 199993.0,
            "min": 49938.0,
            "max": 199993.0,
            "count": 4
        },
        "MLTestSubject.Policy.ExtrinsicValueEstimate.mean": {
            "value": 0.314202219247818,
            "min": 0.314202219247818,
            "max": 1.068564534187317,
            "count": 4
        },
        "MLTestSubject.Policy.ExtrinsicValueEstimate.sum": {
            "value": 314.20220947265625,
            "min": 314.20220947265625,
            "max": 1042.9189453125,
            "count": 4
        },
        "MLTestSubject.Environment.EpisodeLength.mean": {
            "value": 199.0,
            "min": 189.04743083003953,
            "max": 199.0,
            "count": 4
        },
        "MLTestSubject.Environment.EpisodeLength.sum": {
            "value": 49750.0,
            "min": 47829.0,
            "max": 49750.0,
            "count": 4
        },
        "MLTestSubject.Environment.CumulativeReward.mean": {
            "value": 0.0,
            "min": -0.1111111111111111,
            "max": 0.0,
            "count": 4
        },
        "MLTestSubject.Environment.CumulativeReward.sum": {
            "value": 0.0,
            "min": -28.0,
            "max": 0.0,
            "count": 4
        },
        "MLTestSubject.Policy.ExtrinsicReward.mean": {
            "value": 0.0,
            "min": -0.1111111111111111,
            "max": 0.0,
            "count": 4
        },
        "MLTestSubject.Policy.ExtrinsicReward.sum": {
            "value": 0.0,
            "min": -28.0,
            "max": 0.0,
            "count": 4
        },
        "MLTestSubject.Losses.PolicyLoss.mean": {
            "value": 0.023834704801750685,
            "min": 0.023032201218108332,
            "max": 0.0252098976696531,
            "count": 4
        },
        "MLTestSubject.Losses.PolicyLoss.sum": {
            "value": 0.11917352400875342,
            "min": 0.10057239710268649,
            "max": 0.1260494883482655,
            "count": 4
        },
        "MLTestSubject.Losses.ValueLoss.mean": {
            "value": 0.0005465878022368997,
            "min": 0.0005465878022368997,
            "max": 0.03357035982683583,
            "count": 4
        },
        "MLTestSubject.Losses.ValueLoss.sum": {
            "value": 0.0027329390111844984,
            "min": 0.0027329390111844984,
            "max": 0.13428143930734332,
            "count": 4
        },
        "MLTestSubject.Policy.LearningRate.mean": {
            "value": 0.00019439943520019998,
            "min": 0.00019439943520019998,
            "max": 0.00028384545538485,
            "count": 4
        },
        "MLTestSubject.Policy.LearningRate.sum": {
            "value": 0.000971997176001,
            "min": 0.000971997176001,
            "max": 0.0012801666732778002,
            "count": 4
        },
        "MLTestSubject.Policy.Epsilon.mean": {
            "value": 0.16479980000000002,
            "min": 0.16479980000000002,
            "max": 0.19461515000000001,
            "count": 4
        },
        "MLTestSubject.Policy.Epsilon.sum": {
            "value": 0.8239990000000001,
            "min": 0.7784606000000001,
            "max": 0.9267222000000002,
            "count": 4
        },
        "MLTestSubject.Policy.Beta.mean": {
            "value": 0.0032435100200000006,
            "min": 0.0032435100200000006,
            "max": 0.004731295985,
            "count": 4
        },
        "MLTestSubject.Policy.Beta.sum": {
            "value": 0.016217550100000002,
            "min": 0.016217550100000002,
            "max": 0.021343437780000002,
            "count": 4
        },
        "MLTestSubject.IsTraining.mean": {
            "value": 1.0,
            "min": 1.0,
            "max": 1.0,
            "count": 4
        },
        "MLTestSubject.IsTraining.sum": {
            "value": 1.0,
            "min": 1.0,
            "max": 1.0,
            "count": 4
        }
    },
    "metadata": {
        "timer_format_version": "0.1.0",
        "start_time_seconds": "1638199388",
        "python_version": "3.8.8 (default, Apr 13 2021, 15:08:03) [MSC v.1916 64 bit (AMD64)]",
        "command_line_arguments": "C:\\Users\\67160\\Documents\\GitHub\\Demo\\venv\\Scripts\\mlagents-learn --run-id=Test4",
        "mlagents_version": "0.27.0",
        "mlagents_envs_version": "0.27.0",
        "communication_protocol_version": "1.5.0",
        "pytorch_version": "1.7.0+cu110",
        "numpy_version": "1.21.4",
        "end_time_seconds": "1638199468"
    },
    "total": 79.5833473,
    "count": 1,
    "self": 0.003934299999997393,
    "children": {
        "run_training.setup": {
            "total": 0.01913409999999993,
            "count": 1,
            "self": 0.01913409999999993
        },
        "TrainerController.start_learning": {
            "total": 79.5602789,
            "count": 1,
            "self": 0.10254820000024267,
            "children": {
                "TrainerController._reset_env": {
                    "total": 6.2819816,
                    "count": 1,
                    "self": 6.2819816
                },
                "TrainerController.advance": {
                    "total": 73.11230669999976,
                    "count": 8903,
                    "self": 0.09469570000010208,
                    "children": {
                        "env_step": {
                            "total": 41.055065600000006,
                            "count": 8903,
                            "self": 32.28470380000018,
                            "children": {
                                "SubprocessEnvManager._take_step": {
                                    "total": 8.704142499999723,
                                    "count": 8903,
                                    "self": 0.3450956999994812,
                                    "children": {
                                        "TorchPolicy.evaluate": {
                                            "total": 8.359046800000241,
                                            "count": 8237,
                                            "self": 3.4482097000004606,
                                            "children": {
                                                "TorchPolicy.sample_actions": {
                                                    "total": 4.910837099999781,
                                                    "count": 8237,
                                                    "self": 4.910837099999781
                                                }
                                            }
                                        }
                                    }
                                },
                                "workers": {
                                    "total": 0.06621930000010146,
                                    "count": 8902,
                                    "self": 0.0,
                                    "children": {
                                        "worker_root": {
                                            "total": 73.81297890000015,
                                            "count": 8902,
                                            "is_parallel": true,
                                            "self": 49.17031479999997,